file,gt,angry_before,disgust_before,fear_before,happy_before,sadness_before,surprise_before,neutral_before,dominant_emotion_before,angry_after,disgust_after,fear_after,happy_after,sadness_after,surprise_after,neutral_after,dominant_emotion_after
angry\angry_0005.jpg,angry,1.3315,0.0651,0.6153,0.3123,55.3316,0.0566,42.2877,sad,90.8973,0.3821,3.376,1.7606,0.0985,1.9364,1.5491,angry
angry\angry_0151.jpg,angry,74.7064,0.0031,11.5797,4.5315,2.2717,0.0256,6.882,angry,74.902,0.0064,3.7716,0.0969,8.2918,0.009,12.9223,angry
angry\angry_0301.jpg,angry,57.8987,0.0168,41.3989,0.0001,0.6703,0.0,0.0153,angry,6.0409,0.0,78.8549,0.0,15.0999,0.0006,0.0037,fear
angry\angry_0350.jpg,angry,0.0187,0.0001,5.3907,0.0194,0.0001,94.571,0.0,surprise,99.4086,0.0041,0.1316,0.0166,0.0037,0.435,0.0004,angry
angry\angry_0364.jpg,angry,0.9744,0.0,8.9164,0.0204,9.2072,0.1998,80.6817,neutral,3.5732,0.0,0.0005,0.0,0.4585,0.0001,95.9676,neutral
angry\angry_0582.jpg,angry,74.0431,0.1365,15.4092,0.0193,8.46,0.0999,1.832,angry,64.4868,0.0726,6.2099,0.0882,9.463,0.1496,19.5299,angry
angry\angry_0591.jpg,angry,0.0386,0.0,8.4368,0.0754,0.0775,91.3717,0.0,surprise,99.1488,0.0005,0.6533,0.0251,0.057,0.0825,0.0328,angry
angry\angry_0617.jpg,angry,0.0322,0.0001,37.7392,0.0,14.003,48.2129,0.0126,surprise,1.9603,0.0,3.1199,0.1012,11.8913,0.105,82.8223,neutral
angry\angry_0651.jpg,angry,0.058,0.0,1.5572,0.0001,0.2078,98.1688,0.0081,surprise,47.1592,0.0005,3.7338,0.0087,38.4677,0.0273,10.6028,angry
angry\angry_0699.jpg,angry,38.0964,0.0001,0.1251,0.0003,14.2156,0.0,47.5625,neutral,59.5399,0.0,0.0042,0.0036,4.5437,0.0,35.9086,angry
angry\angry_0736.jpg,angry,26.2983,0.0098,65.535,0.1294,6.7307,1.0431,0.2537,fear,51.6189,3.1422,18.4117,0.0046,23.4571,2.7101,0.6554,angry
angry\angry_0766.jpg,angry,45.1984,0.0197,34.6899,0.0306,19.6343,0.0002,0.4269,angry,49.8224,0.0118,5.0524,0.0345,40.2482,0.0075,4.8233,angry
angry\angry_0781.jpg,angry,10.7211,0.0018,2.4892,0.0501,45.7705,0.0008,40.9666,sad,4.7667,0.0,0.0945,0.0015,6.5354,0.0,88.6019,neutral
angry\angry_0976.jpg,angry,63.3036,0.0005,0.1286,0.0002,29.0631,0.0,7.5041,angry,21.9007,0.0,1.2792,0.0005,43.5687,0.0008,33.25,sad
angry\angry_1050.jpg,angry,2.2941,0.0006,49.4077,0.2739,45.9454,0.0139,2.0643,fear,27.3304,0.0,0.0071,0.0081,4.0689,0.0001,68.5854,neutral
angry\angry_1164.jpg,angry,0.0001,0.0,0.0011,0.0022,0.0243,0.0,99.9723,neutral,0.8679,0.0012,19.4941,0.2886,6.7782,66.2211,6.3489,surprise
angry\angry_1250.jpg,angry,8.6491,0.1469,63.4748,0.0082,23.655,0.0117,4.0543,fear,9.0115,0.0,49.6785,19.7742,4.5403,0.0534,16.942,fear
angry\angry_1293.jpg,angry,26.5122,0.0,0.1327,3.2232,4.7568,0.0,65.375,neutral,99.9994,0.0,0.0,0.0,0.0005,0.0,0.0001,angry
angry\angry_1347.jpg,angry,1.3472,0.0,1.6497,0.0002,65.8941,0.1248,30.9841,sad,0.0596,0.0,0.0077,0.0019,0.2617,0.0008,99.6684,neutral
angry\angry_1692.jpg,angry,69.8314,0.0004,16.3111,0.0157,12.4144,0.0074,1.4195,angry,40.5364,0.0,0.5228,0.0007,47.9733,0.0002,10.9666,sad
angry\angry_1772.jpg,angry,67.4034,0.0,0.3274,0.0868,19.5063,0.0029,12.6732,angry,80.7022,0.0,0.3398,0.0502,15.8221,0.0023,3.0835,angry
angry\angry_2047.jpg,angry,0.4567,0.0,5.0844,0.2234,87.6097,0.0091,6.6167,sad,12.9688,0.0058,84.3422,0.0527,0.251,0.2357,2.1437,fear
angry\angry_2203.jpg,angry,0.437,0.0,27.2153,0.0049,65.5531,0.0005,6.7892,sad,0.9544,0.0043,98.455,0.0501,0.2938,0.2367,0.0056,fear
angry\angry_2206.jpg,angry,34.6137,0.009,10.3254,0.2639,9.3058,1.4362,44.0458,neutral,23.2205,0.0,0.0877,0.0355,22.0739,0.0008,54.5817,neutral
angry\angry_2228.jpg,angry,21.4949,0.6801,1.3435,0.023,72.5233,0.0013,3.9339,sad,99.9783,0.0118,0.0005,0.0,0.0029,0.0,0.0066,angry
angry\angry_2289.jpg,angry,31.2636,2.5951,16.9237,0.0252,46.6291,0.2443,2.3189,sad,85.4023,0.0005,0.9908,0.3293,0.9777,0.9787,11.3207,angry
angry\angry_2295.jpg,angry,82.0317,0.1132,16.9771,0.005,0.8722,0.0001,0.0007,angry,43.3044,39.1572,9.3496,0.0056,5.3199,0.496,2.3673,angry
angry\angry_2333.jpg,angry,8.8996,0.0089,54.3203,0.0166,35.2661,0.0928,1.3958,fear,1.974,0.0,2.0158,0.0,95.907,0.0006,0.1026,sad
angry\angry_2496.jpg,angry,8.7369,0.0,6.9722,1.7107,81.091,0.0294,1.4597,sad,0.0034,0.0,0.0002,0.0004,0.5311,0.0,99.4649,neutral
angry\angry_2782.jpg,angry,0.1026,0.0,54.0422,0.0034,11.7168,0.0006,34.1343,fear,2.1139,0.0,2.472,0.1154,3.7899,0.0431,91.4656,neutral
angry\angry_2843.jpg,angry,2.6655,0.0002,4.8256,2.9339,0.0022,88.9575,0.6152,surprise,0.3777,0.0,6.6399,0.0716,1.149,56.7464,35.0153,surprise
angry\angry_2861.jpg,angry,8.7782,0.0498,5.9754,0.0056,40.9935,0.0588,44.1387,neutral,0.3726,0.0635,3.2349,0.0031,94.2129,0.0004,2.1125,sad
angry\angry_2866.jpg,angry,11.8767,0.0,54.189,0.02,33.855,0.0248,0.0345,fear,0.3666,0.0,0.0006,0.0016,0.8754,0.0,98.7559,neutral
angry\angry_3134.jpg,angry,27.4977,0.0,1.3678,0.0154,20.96,0.0019,50.1572,neutral,0.0,0.0,0.5845,33.2881,48.6659,0.0,17.4615,sad
angry\angry_3147.jpg,angry,33.4417,0.239,17.9198,1.267,23.3162,1.9835,21.8329,angry,7.1927,0.0,0.1488,0.1375,1.8559,0.0188,90.6463,neutral
angry\angry_3155.jpg,angry,38.8259,0.0207,14.0975,0.0713,32.7769,1.0933,13.1145,angry,31.4625,0.0259,8.7461,0.1099,28.701,0.2997,30.6548,angry
angry\angry_3227.jpg,angry,33.153,1.2119,49.5476,0.0035,15.9922,0.02,0.0719,fear,92.644,0.2907,4.9158,0.0059,1.6145,0.1348,0.3943,angry
angry\angry_3232.jpg,angry,96.4729,0.0115,1.0574,0.033,2.0867,0.0009,0.3375,angry,7.3061,0.0073,6.0283,0.6313,25.3921,0.1169,60.518,neutral
angry\angry_3245.jpg,angry,60.3885,0.001,4.3068,0.9347,33.3813,0.0004,0.9872,angry,13.2313,0.0,0.3046,0.4569,27.5865,0.1504,58.2703,neutral
angry\angry_3315.jpg,angry,44.7535,0.1425,10.7651,0.0,41.4161,0.9113,2.0115,angry,38.0143,0.0001,11.9976,0.0025,48.107,0.0541,1.8245,sad
angry\angry_3331.jpg,angry,0.9407,41.0492,0.4903,0.0002,0.6208,56.8961,0.0028,surprise,6.4211,1.7559,10.5899,0.0508,26.4385,48.6647,6.079,surprise
angry\angry_3351.jpg,angry,8.6982,0.0,0.1429,0.0026,18.1044,0.0005,73.0513,neutral,0.0006,0.0,99.9994,0.0,0.0,0.0,0.0,fear
angry\angry_3377.jpg,angry,43.4403,0.1338,21.073,1.6239,0.8518,32.6473,0.2299,angry,65.3534,0.0249,1.4068,6.7637,11.3031,0.8829,14.2652,angry
angry\angry_6771.jpg,angry,0.2271,0.0013,0.3506,0.0058,0.0001,99.4149,0.0001,surprise,95.2423,0.0012,0.0279,0.0189,0.0002,4.7095,0.0,angry
angry\angry_6897.jpg,angry,97.2372,0.4134,1.6159,0.0037,0.6346,0.0831,0.0122,angry,0.0,0.0,9.9955,0.0145,68.6942,0.0413,21.2545,sad
angry\angry_6983.jpg,angry,91.3465,0.0,0.1018,8.4623,0.0684,0.0,0.0211,angry,79.7753,0.0,2.564,17.5593,0.0999,0.0013,0.0001,angry
angry\angry_7010.jpg,angry,63.8867,0.1363,6.8768,0.1549,22.794,0.1399,6.0113,angry,98.0636,0.0,0.0004,0.185,0.0759,0.0,1.675,angry
angry\angry_7095.jpg,angry,7.4469,0.0,0.0006,0.0,3.6151,0.0,88.9373,neutral,0.2237,0.0,0.0,0.0,0.1129,0.0,99.6634,neutral
angry\angry_7124.jpg,angry,3.3361,0.0089,66.1992,0.0921,29.7787,0.039,0.546,fear,0.0002,0.0,6.0317,0.0,93.9669,0.0,0.0012,sad
angry\angry_7150.jpg,angry,0.0093,0.0,0.7245,95.739,3.5271,0.0,0.0001,happy,2.2842,0.0,0.0,0.5873,2.2943,0.0,94.8342,neutral
angry\angry_7180.jpg,angry,93.3822,0.0001,0.0514,4.4304,1.7044,0.0063,0.4252,angry,76.2176,0.0,0.0701,23.4873,0.0477,0.0004,0.1769,angry
angry\angry_7201.jpg,angry,98.492,0.0002,0.0006,0.0,1.507,0.0,0.0002,angry,0.0,0.0,0.0974,0.0001,99.9021,0.0,0.0004,sad
angry\angry_7220.jpg,angry,2.0159,0.1882,87.6191,6.2849,0.07,3.3596,0.4623,fear,26.2444,0.0,6.4725,0.0172,18.4863,0.0029,48.7767,neutral
angry\angry_7257.jpg,angry,99.6403,0.0,0.2365,0.0283,0.0902,0.0013,0.0034,angry,22.3961,0.8079,72.3014,0.6062,3.5193,0.3294,0.0396,fear
angry\angry_7274.jpg,angry,0.0007,0.0,0.0513,99.7117,0.236,0.0,0.0003,happy,49.1399,0.0,0.0016,0.0,1.1876,0.0001,49.6708,neutral
angry\angry_7278.jpg,angry,0.3837,0.0,0.0,99.6157,0.0,0.0,0.0006,happy,0.0009,0.0,0.0,99.9966,0.0,0.0,0.0025,happy
angry\angry_7344.jpg,angry,0.0484,0.0,0.0039,99.8812,0.0177,0.0009,0.0479,happy,0.0624,0.0,0.0162,99.7896,0.0028,0.0009,0.1282,happy
angry\angry_7384.jpg,angry,86.9069,0.1536,9.4379,0.9165,1.5635,0.0325,0.9891,angry,99.0484,0.0,0.0449,0.5038,0.1159,0.0001,0.2868,angry
angry\angry_7397.jpg,angry,0.0,0.0,0.0029,0.0007,0.023,0.0076,99.9658,neutral,40.4335,0.0,0.0149,0.0169,0.0719,0.39,59.0729,neutral
angry\angry_7412.jpg,angry,99.6541,0.0,0.0161,0.0014,0.1797,0.0,0.1487,angry,13.726,0.0,0.0,0.0008,0.0423,0.0,86.2309,neutral
angry\angry_7444.jpg,angry,20.1986,0.0277,10.8419,1.0676,3.5972,0.0712,64.1959,neutral,0.0,0.0,0.0821,99.6515,0.2063,0.0,0.0601,happy
angry\angry_7445.jpg,angry,92.4957,0.0,0.2511,0.2162,5.9219,0.0246,1.0906,angry,0.0,0.0,99.276,0.0054,0.1869,0.251,0.2807,fear
angry\angry_7450.jpg,angry,8.0594,0.032,69.1088,19.3462,1.0411,2.4002,0.0123,fear,52.0014,8.1727,32.347,5.0267,2.1219,0.2579,0.0724,angry
angry\angry_7468.jpg,angry,9.9793,0.0001,0.3795,0.0519,80.3693,0.0066,9.2133,sad,13.2053,0.0,0.0044,2.1715,8.6442,0.0018,75.9727,neutral
angry\angry_7470.jpg,angry,0.018,0.0,0.0,99.4081,0.0011,0.0004,0.5724,happy,0.0173,0.0,0.0,97.6277,0.0053,0.0,2.3496,happy
angry\angry_7481.jpg,angry,55.1342,0.0017,0.9383,34.6077,3.5112,0.063,5.7439,angry,92.6725,0.0,0.0051,0.0182,0.8177,0.0025,6.4841,angry
angry\angry_7485.jpg,angry,0.0,0.0,0.0,99.9999,0.0,0.0,0.0,happy,0.0,0.0,0.0,99.954,0.0,0.0,0.046,happy
angry\angry_7497.jpg,angry,6.5343,0.0,67.7368,0.0003,25.4878,0.0,0.2408,fear,99.6863,0.0,0.0493,0.0007,0.1905,0.0,0.0732,angry
angry\angry_7561.jpg,angry,0.0005,0.0,0.0002,0.0063,0.0882,0.0,99.9048,neutral,0.2176,0.0,0.0042,0.1115,0.1196,0.0086,99.5385,neutral
angry\angry_7598.jpg,angry,0.0,0.0,0.0285,0.0008,0.2327,0.0,99.7381,neutral,0.226,0.1949,0.8781,17.8716,79.9368,0.0,0.8925,sad
angry\angry_7615.jpg,angry,99.9942,0.0,0.0001,0.0,0.0057,0.0,0.0,angry,88.9144,0.489,3.1155,0.3346,2.5849,0.7816,3.78,angry
angry\angry_7648.jpg,angry,0.0005,0.0,0.0,99.9984,0.0,0.0,0.0011,happy,0.0131,0.0,0.0,99.9869,0.0,0.0,0.0,happy
disgust\disgust_0062.jpg,disgust,0.0,0.0,0.0,99.9961,0.0,0.0,0.0039,happy,14.0118,0.0,80.9755,0.9011,0.1313,0.0134,3.9669,fear
disgust\disgust_0066.jpg,disgust,22.1098,3.6797,16.5609,6.5232,0.2171,49.8145,1.0949,surprise,54.4944,0.5495,10.1156,1.4599,0.8625,24.4755,8.0427,angry
disgust\disgust_0086.jpg,disgust,1.5095,1.6503,57.9153,0.1675,32.4098,0.0399,6.3076,fear,25.3802,24.2969,34.3488,0.3531,10.4114,0.1232,5.0864,fear
disgust\disgust_0133.jpg,disgust,79.7785,18.9096,0.9015,0.0007,0.154,0.2366,0.019,angry,9.4505,85.2467,2.3647,0.1056,1.9349,0.0454,0.8522,disgust
disgust\disgust_0139.jpg,disgust,93.6573,3.6992,1.5646,0.0533,0.6648,0.2132,0.1476,angry,52.2262,0.24,0.281,0.1029,40.7003,0.0017,6.448,angry
disgust\disgust_0187.jpg,disgust,21.8059,0.0106,39.1005,0.4608,37.9419,0.1898,0.4905,fear,81.1181,0.0,6.0016,0.0158,0.2592,11.5604,1.0449,angry
disgust\disgust_0200.jpg,disgust,0.0148,0.0,10.6565,1.0044,4.5231,0.0014,83.7998,neutral,0.0,0.0,46.1186,0.019,0.0872,0.2222,53.553,neutral
disgust\disgust_0219.jpg,disgust,0.0077,0.0,0.0,0.0,0.1206,0.0,99.8716,neutral,0.0317,0.0,0.0002,0.0,0.0446,0.0,99.9234,neutral
disgust\disgust_0229.jpg,disgust,12.1866,1.5,37.7289,0.1414,18.6069,2.8441,26.9921,fear,28.2109,7.3351,52.0723,0.0117,11.2818,0.6185,0.4696,fear
disgust\disgust_0264.jpg,disgust,0.0,0.0,2.0009,97.3151,0.0,0.0138,0.6702,happy,0.542,0.0,3.5239,0.0008,23.1146,72.6154,0.2033,surprise
disgust\disgust_0339.jpg,disgust,0.0954,0.0,39.9105,0.1813,0.6329,28.9994,30.1805,fear,1.1975,0.0,1.3011,0.0,95.4623,0.0,2.0391,sad
disgust\disgust_0356.jpg,disgust,0.0132,0.0151,96.9738,0.0223,2.5377,0.0,0.4379,fear,29.7415,1.0073,56.9474,0.0786,11.7286,0.105,0.3916,fear
disgust\disgust_0376.jpg,disgust,0.0001,0.0,0.488,0.0173,0.5426,0.0,98.9519,neutral,0.0558,0.0001,4.9702,0.1605,94.4699,0.0005,0.3431,sad
disgust\disgust_0432.jpg,disgust,1.3286,0.2403,78.5623,0.149,1.7146,0.055,17.9502,fear,0.122,0.0,0.0,0.003,0.3756,0.0,99.4993,neutral
disgust\disgust_0459.jpg,disgust,4.1493,27.4219,64.8014,0.0472,3.211,0.0286,0.3407,fear,92.7171,0.0,2.2158,0.6023,2.6424,0.0102,1.8122,angry
disgust\disgust_0510.jpg,disgust,2.7805,0.0004,72.4766,0.0149,23.9415,0.0018,0.7843,fear,0.0003,0.0,0.5461,0.0009,0.0339,0.0175,99.4013,neutral
disgust\disgust_0514.jpg,disgust,5.7032,0.0506,7.6699,1.3261,39.6844,0.442,45.1237,neutral,16.4997,0.0,0.0021,0.0,0.4475,0.0,83.0506,neutral
disgust\disgust_0520.jpg,disgust,59.1376,0.3654,21.8265,0.0932,8.206,1.4244,8.9469,angry,0.7084,0.0001,86.2691,2.9258,1.5865,8.224,0.2861,fear
disgust\disgust_0547.jpg,disgust,15.951,0.0,0.0059,0.0,7.099,0.0,76.9441,neutral,0.2224,0.0,0.0,0.0,0.0648,0.0,99.7128,neutral
disgust\disgust_0566.jpg,disgust,0.0007,0.0,0.8244,0.0,2.2442,0.0,96.9307,neutral,0.0088,0.0,0.3338,11.1294,18.7027,0.0098,69.8155,neutral
disgust\disgust_0604.jpg,disgust,0.0,0.0,0.1159,0.0005,99.3308,0.0,0.5528,sad,0.0027,0.0,0.0018,0.013,52.9079,0.0,47.0747,sad
disgust\disgust_0618.jpg,disgust,4.0103,0.0015,40.254,0.0172,55.2781,0.0002,0.4387,sad,0.0,0.0,0.3664,0.0074,0.0,0.0001,99.6261,neutral
disgust\disgust_0681.jpg,disgust,25.8446,1.3611,20.0951,3.214,5.6159,42.6919,1.1774,surprise,0.5048,0.0,92.6957,0.2827,5.3543,0.0,1.1625,fear
disgust\disgust_0687.jpg,disgust,0.0,0.0,0.0943,0.0018,0.3039,0.0,99.5999,neutral,0.0713,0.0,30.1743,49.0492,13.4855,0.0933,7.1263,happy
disgust\disgust_0696.jpg,disgust,0.0003,0.0,0.2339,0.0512,0.1782,0.0,99.5364,neutral,0.0056,0.0,1.4469,10.8698,2.1548,0.1662,85.3568,neutral
disgust\disgust_0707.jpg,disgust,0.0043,0.0,99.5542,0.1832,0.0002,0.2581,0.0,fear,70.4081,1.5359,9.6331,3.5869,13.6579,0.5297,0.6483,angry
disgust\disgust_0734.jpg,disgust,1.1769,0.0004,1.9293,0.1275,0.0001,96.7582,0.0075,surprise,98.2017,0.0,0.0552,0.3227,0.0238,0.7625,0.6342,angry
disgust\disgust_0772.jpg,disgust,16.6505,0.7765,8.3232,10.1134,28.3114,1.0865,34.7385,neutral,25.1423,1.6955,8.6162,0.8675,32.2072,0.4591,31.0123,sad
disgust\disgust_0814.jpg,disgust,0.4639,90.1945,7.9172,0.0001,1.4212,0.0006,0.0025,disgust,28.6876,0.0024,21.8231,0.0415,39.8202,0.0015,9.6237,sad
disgust\disgust_0834.jpg,disgust,99.3591,0.0828,0.2841,0.0,0.2503,0.0234,0.0003,angry,0.0002,0.0,0.0125,32.4766,0.0591,0.1359,67.3157,neutral
disgust\disgust_0857.jpg,disgust,1.9224,2.487,4.9818,0.0293,8.2277,0.009,82.3428,neutral,0.0,0.0,0.0001,0.6089,0.045,0.0,99.3459,neutral
disgust\disgust_0883.jpg,disgust,6.9227,0.122,26.8269,0.0005,64.1621,0.1801,1.7856,sad,7.0497,0.0001,1.5862,0.0053,11.8403,0.0238,79.4946,neutral
disgust\disgust_0891.jpg,disgust,2.6062,96.8157,0.2256,0.0,0.3525,0.0,0.0001,disgust,0.0001,0.0,4.3643,95.5237,0.004,0.0016,0.1063,happy
disgust\disgust_0932.jpg,disgust,86.7645,0.0448,10.3173,0.7991,0.9636,0.563,0.5476,angry,41.4841,0.0007,5.9881,0.0086,15.2718,6.787,30.4598,angry
disgust\disgust_0965.jpg,disgust,10.1602,0.0021,6.0611,49.8089,29.8317,0.1762,3.9598,happy,0.0,0.0,4.0276,0.031,0.0039,0.3246,95.6129,neutral
disgust\disgust_0971.jpg,disgust,1.7117,0.0018,24.8953,0.0,72.6825,0.0003,0.7083,sad,19.3275,0.0,12.1559,0.0001,57.2027,0.0002,11.3136,sad
disgust\disgust_0981.jpg,disgust,0.0058,0.0,2.6965,0.0553,11.9648,0.0006,85.277,neutral,0.0,0.0,0.0183,0.0027,0.0596,0.002,99.9174,neutral
disgust\disgust_1000.jpg,disgust,0.1704,99.1777,0.6043,0.0,0.0474,0.0,0.0001,disgust,38.821,0.0105,8.234,0.5432,32.6886,0.0532,19.6495,angry
disgust\disgust_1011.jpg,disgust,62.4138,1.2177,9.533,0.0041,24.0587,0.6566,2.1161,angry,36.5376,0.013,10.3831,0.0004,50.1979,0.0666,2.8015,sad
disgust\disgust_1054.jpg,disgust,24.2657,7.0367,33.4116,1.9307,26.8595,3.0462,3.4497,fear,19.6419,0.083,6.8611,0.5274,22.4214,0.0202,50.445,neutral
disgust\disgust_1071.jpg,disgust,51.0968,0.0079,30.3987,0.0484,1.1009,15.7798,1.5675,angry,1.5277,0.0,97.9671,0.0128,0.0032,0.4892,0.0,fear
disgust\disgust_1081.jpg,disgust,0.0007,0.0,0.8244,0.0,2.2442,0.0,96.9307,neutral,0.0088,0.0,0.3338,11.1294,18.7027,0.0098,69.8155,neutral
disgust\disgust_1086.jpg,disgust,21.9571,0.0655,45.0413,0.3677,7.0046,11.2886,14.2752,fear,55.3539,0.0082,3.9153,0.0295,14.685,0.0094,25.9987,angry
disgust\disgust_1087.jpg,disgust,35.6839,0.0013,22.8838,0.0,7.6565,0.0012,33.7733,angry,0.0914,0.0,0.0005,0.0008,0.0927,0.0177,99.797,neutral
disgust\disgust_1116.jpg,disgust,42.0364,12.3557,17.9094,0.0363,12.6334,2.5295,12.4994,angry,1.6328,0.0,0.3153,0.0036,12.3283,0.0084,85.7115,neutral
disgust\disgust_1123.jpg,disgust,0.0001,0.0,0.0,99.9973,0.0,0.0,0.0025,happy,0.0013,0.0,0.0,99.9789,0.009,0.0002,0.0106,happy
disgust\disgust_1126.jpg,disgust,40.7833,0.0099,9.5828,0.1459,27.4722,0.5029,21.503,angry,19.2551,0.0002,1.4184,3.5189,19.9644,0.1775,55.6654,neutral
disgust\disgust_1158.jpg,disgust,6.4792,0.0188,24.6406,0.0141,68.3926,0.0057,0.449,sad,42.8499,0.1199,9.9776,0.0138,40.8721,0.043,6.1239,angry
disgust\disgust_1177.jpg,disgust,2.5152,0.0,0.8442,0.089,14.9817,0.0024,81.5676,neutral,0.0034,0.0,0.0,0.0,0.0032,0.0,99.9933,neutral
disgust\disgust_1209.jpg,disgust,93.003,0.0514,2.8355,0.0201,4.0784,0.0015,0.0102,angry,88.3787,7.5801,2.8087,0.0013,1.2074,0.0006,0.0231,angry
disgust\disgust_1247.jpg,disgust,0.0007,0.0,2.9806,0.0611,8.7771,0.0001,88.1804,neutral,0.0,0.0,0.0033,0.0011,0.0208,0.0035,99.9712,neutral
disgust\disgust_1258.jpg,disgust,0.0001,0.0,0.0,99.9973,0.0,0.0,0.0025,happy,0.0013,0.0,0.0,99.9789,0.009,0.0002,0.0106,happy
disgust\disgust_1311.jpg,disgust,1.0065,0.0354,1.3643,93.6854,2.4544,0.0163,1.4378,happy,5.7942,0.1521,4.8094,65.8764,21.9689,0.0327,1.3663,happy
disgust\disgust_1319.jpg,disgust,0.0451,0.0,20.4123,0.0679,79.4671,0.0001,0.0075,sad,48.1432,0.0,41.3273,0.7961,7.5116,0.004,2.2178,angry
disgust\disgust_1332.jpg,disgust,16.458,0.0004,2.9923,0.6801,15.7805,0.045,64.0437,neutral,95.6318,0.0,0.0006,0.0001,0.1528,0.0,4.2146,angry
disgust\disgust_1375.jpg,disgust,16.4438,6.5886,50.2259,0.4798,25.5289,0.2787,0.4544,fear,96.3532,0.0001,1.4245,0.2606,1.0772,0.0077,0.8769,angry
disgust\disgust_1419.jpg,disgust,1.1326,0.0012,36.6527,0.6192,53.85,0.0375,7.7068,sad,3.797,0.0048,87.3126,0.0218,6.6253,1.6807,0.5578,fear
disgust\disgust_1484.jpg,disgust,45.3571,1.2836,6.1993,0.2445,9.9823,0.5321,36.4011,angry,0.8105,0.0046,0.8117,0.3356,5.4519,0.0137,92.5719,neutral
disgust\disgust_1500.jpg,disgust,0.0,0.0,0.7567,0.0201,1.4705,0.0,97.7526,neutral,0.0017,0.0,0.2421,20.8114,0.7905,0.0395,78.1148,neutral
disgust\disgust_1503.jpg,disgust,48.3339,0.0005,34.092,1.7847,7.4919,0.0052,8.2918,angry,13.696,0.0002,6.6059,0.2646,46.1617,0.0059,33.2658,sad
disgust\disgust_1578.jpg,disgust,0.0836,0.0118,99.7602,0.0002,0.139,0.0042,0.0011,fear,4.5882,0.7877,79.1118,0.034,13.5948,0.0155,1.8679,fear
disgust\disgust_1585.jpg,disgust,95.0014,0.0461,1.6516,0.0095,3.0717,0.0172,0.2026,angry,14.9523,0.0,0.0114,0.0022,15.1019,0.0,69.9323,neutral
disgust\disgust_1593.jpg,disgust,0.7632,0.0056,89.6278,0.7353,5.8585,1.0356,1.9739,fear,1.6294,0.0005,88.2787,0.0068,7.8835,0.0422,2.159,fear
disgust\disgust_1613.jpg,disgust,92.3115,5.2354,2.3979,0.0003,0.0019,0.0405,0.0124,angry,0.3421,0.0,99.6104,0.0006,0.0465,0.0002,0.0003,fear
disgust\disgust_1668.jpg,disgust,0.0013,0.0,4.0944,0.1511,6.5432,0.0005,89.2096,neutral,0.0,0.0,11.447,0.0291,0.0058,13.7315,74.7866,neutral
disgust\disgust_1713.jpg,disgust,2.6574,0.2517,58.7018,0.0,38.3617,0.0111,0.0163,fear,50.7404,0.0365,15.3153,0.0003,32.237,0.036,1.6345,angry
disgust\disgust_1715.jpg,disgust,9.548,0.0692,3.6366,0.0023,85.7066,0.0032,1.0341,sad,6.8673,0.0,0.1065,0.0031,58.9785,0.0,34.0445,sad
disgust\disgust_1737.jpg,disgust,0.0537,0.0004,2.6003,4.6786,92.3899,0.0,0.277,sad,1.3503,0.0164,1.5899,0.5335,67.6487,0.0124,28.8489,sad
disgust\disgust_1745.jpg,disgust,43.0211,0.3142,11.7364,0.1624,43.4995,0.3483,0.9182,sad,16.2528,0.0,0.0005,0.0007,0.0978,0.0,83.6482,neutral
disgust\disgust_1767.jpg,disgust,28.4778,19.9788,19.8315,0.019,29.3764,1.4773,0.8394,sad,47.9266,7.8792,4.1211,0.0218,39.1721,0.0449,0.8344,angry
disgust\disgust_1825.jpg,disgust,69.9998,0.0146,8.0666,8.7786,3.842,4.0442,5.2541,angry,2.9706,0.0,0.111,0.014,11.2445,0.0007,85.6592,neutral
disgust\disgust_1892.jpg,disgust,0.0001,0.0,10.0489,0.0323,6.4854,0.0,83.4332,neutral,0.0605,0.0,0.9831,0.0094,0.1808,98.765,0.0012,surprise
fear\fear_0008.jpg,fear,0.0001,0.0,1.4171,0.0,0.0019,98.5809,0.0,surprise,0.0,0.0,3.7372,0.0,0.001,0.0002,96.2615,neutral
fear\fear_0025.jpg,fear,0.044,0.0002,68.8594,0.001,20.1291,7.2144,3.7518,fear,2.9636,0.0095,96.0905,0.0,0.2954,0.6395,0.0015,fear
fear\fear_0061.jpg,fear,0.0,0.0,91.2057,1.1698,0.0421,0.0825,7.4998,fear,0.0001,0.0,0.7496,0.0004,0.0,99.2499,0.0,surprise
fear\fear_0111.jpg,fear,0.0016,0.0,1.7664,0.0001,0.0024,98.2295,0.0,surprise,0.2742,0.0,2.2114,0.0,0.0042,97.5099,0.0003,surprise
fear\fear_0120.jpg,fear,0.0769,0.0314,0.0188,0.0,0.001,99.8718,0.0,surprise,69.3808,0.0014,0.3375,0.0115,0.002,30.2667,0.0002,angry
fear\fear_0231.jpg,fear,0.0001,0.0,3.6415,0.0042,0.0,96.3542,0.0,surprise,0.1824,0.0,7.4961,0.0142,0.1829,0.1709,91.9535,neutral
fear\fear_0298.jpg,fear,0.0015,0.0,99.8224,0.0,0.1495,0.0002,0.0263,fear,1.1344,0.0,23.228,0.0026,25.1965,0.5094,49.9292,neutral
fear\fear_0369.jpg,fear,0.5282,0.0,33.7299,0.0002,61.3241,4.41,0.0077,sad,2.5856,0.0002,16.0492,0.0461,80.4923,0.0064,0.8202,sad
fear\fear_0423.jpg,fear,0.1713,0.0,0.0782,0.0001,0.7782,0.0198,98.9525,neutral,0.0038,0.0,0.5923,0.0001,0.0006,99.4032,0.0,surprise
fear\fear_0430.jpg,fear,0.0102,0.0,93.6617,0.0009,0.4206,5.8849,0.0218,fear,0.0,0.0,0.0028,0.0,0.0,99.9972,0.0,surprise
fear\fear_0588.jpg,fear,0.0006,0.0,97.6646,0.0002,0.0,2.3346,0.0,fear,0.0032,0.0,95.7049,0.0001,0.002,4.2899,0.0,fear
fear\fear_0607.jpg,fear,5.0285,0.005,1.7106,0.1361,85.1555,0.0211,7.9432,sad,1.5345,0.0,0.2995,0.0333,3.3293,0.0053,94.7981,neutral
fear\fear_0616.jpg,fear,0.0,0.0,0.4108,0.0,0.0,99.5872,0.0019,surprise,0.0,0.0,0.0938,0.0,0.0,99.9062,0.0,surprise
fear\fear_0624.jpg,fear,25.5988,0.0,30.1367,17.55,14.2748,12.3017,0.1379,fear,4.1521,0.0,8.6397,0.0011,7.3791,0.8152,79.0129,neutral
fear\fear_0625.jpg,fear,5.1443,0.0946,3.1437,0.0,0.1176,91.4996,0.0002,surprise,6.2248,0.0,67.1657,0.0208,10.7369,15.3611,0.4907,fear
fear\fear_0783.jpg,fear,2.3833,0.0,0.0104,0.0003,4.5527,0.0001,93.0531,neutral,0.0095,0.0,0.1765,0.0,99.8093,0.0,0.0046,sad
fear\fear_0796.jpg,fear,0.8213,0.0,19.5873,0.0003,58.5554,0.0276,21.0082,sad,0.0,0.0,0.0004,0.0,0.0,99.9996,0.0,surprise
fear\fear_0843.jpg,fear,7.5986,0.3089,57.0986,17.2192,0.0053,17.7684,0.0009,fear,72.3459,0.0018,26.7367,0.001,0.0051,0.9093,0.0003,angry
fear\fear_0849.jpg,fear,0.0016,0.0,0.8763,0.1065,0.0207,98.5609,0.4341,surprise,0.5346,0.0,23.8533,0.0042,0.057,2.1056,73.4453,neutral
fear\fear_0855.jpg,fear,0.1354,0.0016,43.6224,0.0003,0.123,56.1164,0.0008,surprise,0.0,0.0,0.0005,0.0,0.0,99.9995,0.0,surprise
fear\fear_0865.jpg,fear,4.153,0.0001,4.3526,0.3586,0.0009,91.1349,0.0,surprise,0.0038,0.0,65.0446,0.0,34.2207,0.0,0.7308,fear
fear\fear_0913.jpg,fear,12.4599,31.7734,25.0832,5.6325,1.7485,21.7804,1.5221,disgust,22.146,28.504,38.3173,0.0009,0.1751,10.4021,0.4546,fear
fear\fear_0946.jpg,fear,0.0555,0.0,85.6028,0.0073,1.3795,1.9711,10.9839,fear,0.0159,0.0,0.0492,0.0023,0.1188,0.0068,99.807,neutral
fear\fear_1096.jpg,fear,0.6454,0.0019,92.4112,0.0117,0.0283,6.9008,0.0006,fear,0.0745,0.0,17.7988,0.0018,0.0015,82.1184,0.005,surprise
fear\fear_1161.jpg,fear,99.6667,0.1704,0.1169,0.0012,0.0233,0.0209,0.0005,angry,7.5184,0.0,0.4106,0.0454,10.1541,0.0577,81.8139,neutral
fear\fear_1194.jpg,fear,0.1202,0.0,0.5681,0.0042,0.0001,99.3071,0.0001,surprise,0.9389,0.0,0.7454,0.0004,0.0035,98.3092,0.0025,surprise
fear\fear_1290.jpg,fear,10.2429,0.0036,58.8007,0.0415,21.6759,0.3258,8.9097,fear,2.3011,0.0101,97.1238,0.0012,0.1577,0.1367,0.2693,fear
fear\fear_1331.jpg,fear,99.7908,0.0008,0.0087,0.0005,0.1745,0.0107,0.0141,angry,99.1556,0.0003,0.1,0.0209,0.55,0.0001,0.1731,angry
fear\fear_1357.jpg,fear,1.6133,0.0,14.1058,15.1645,1.2231,18.7742,49.119,neutral,2.8076,0.0001,76.5708,0.3982,0.4136,15.9452,3.8645,fear
fear\fear_1362.jpg,fear,0.0555,0.0,85.6028,0.0073,1.3795,1.9711,10.9839,fear,0.0159,0.0,0.0492,0.0023,0.1188,0.0068,99.807,neutral
fear\fear_1368.jpg,fear,0.0675,0.0,92.8703,0.0,6.9371,0.1086,0.0166,fear,0.0074,0.0,0.0203,0.0007,2.8397,0.0028,97.1292,neutral
fear\fear_1371.jpg,fear,0.0063,0.0,0.029,0.7933,99.1713,0.0,0.0,sad,7.5453,0.0114,11.0238,0.1376,72.1365,0.0505,9.0949,sad
fear\fear_1445.jpg,fear,1.4288,0.0124,16.2009,1.1665,0.0723,81.1108,0.0084,surprise,0.4465,0.0,72.2827,0.1246,0.0047,27.141,0.0007,fear
fear\fear_1480.jpg,fear,0.0035,0.0,31.9196,0.0798,0.2954,67.5855,0.1162,surprise,0.1006,0.026,4.1819,0.0007,2.0112,93.6686,0.0111,surprise
fear\fear_1485.jpg,fear,93.3173,0.0439,3.4932,0.0113,2.3045,0.3738,0.456,angry,1.1491,0.0001,43.0009,0.0027,15.6797,0.0008,40.1667,fear
fear\fear_1617.jpg,fear,0.0378,0.0,0.7536,0.0345,7.0464,0.0003,92.1274,neutral,0.0003,0.0,0.0004,99.9884,0.0094,0.0,0.0015,happy
fear\fear_1620.jpg,fear,0.1331,0.0019,82.9717,0.0005,0.1396,16.7412,0.012,fear,45.6445,0.0001,0.1547,0.006,0.0041,54.159,0.0316,surprise
fear\fear_1643.jpg,fear,0.518,0.0074,19.0652,0.0292,0.0625,80.222,0.0957,surprise,1.6997,0.0,2.6062,0.0023,0.0026,95.683,0.0062,surprise
fear\fear_1677.jpg,fear,0.0173,0.0,96.8534,0.0,3.0715,0.0,0.0579,fear,0.0213,0.0,7.8203,0.0001,24.8364,0.0979,67.224,neutral
fear\fear_1767.jpg,fear,0.0,0.0,0.0013,0.0,0.0003,0.0,99.9984,neutral,0.0312,0.0,0.4222,0.0,98.7748,0.0,0.7718,sad
fear\fear_1776.jpg,fear,73.8506,2.284,6.6224,0.3146,4.7624,12.0855,0.0804,angry,65.079,1.324,14.541,0.0464,5.9135,10.5467,2.5493,angry
fear\fear_1808.jpg,fear,0.1217,0.0,96.7081,0.0,1.022,2.1478,0.0004,fear,7.4759,0.0,54.5623,0.0,36.875,0.9385,0.1483,fear
fear\fear_1845.jpg,fear,9.8469,0.0,34.4029,0.0,23.2752,0.0002,32.4747,fear,9.7144,0.0,0.9435,0.0021,67.1559,22.1691,0.015,sad
fear\fear_1891.jpg,fear,1.998,0.0,14.3132,0.0096,59.2431,0.1642,24.2719,sad,0.535,0.0,3.5618,0.0446,0.7382,0.6936,94.4268,neutral
fear\fear_1978.jpg,fear,4.5144,0.0,0.6237,0.0015,2.5391,0.0002,92.3211,neutral,3.4399,0.0,0.4281,0.0124,16.6901,0.0025,79.427,neutral
fear\fear_1999.jpg,fear,0.8479,0.0115,85.6128,0.9119,0.4839,6.8875,5.2446,fear,5.6965,0.1903,70.9095,0.0073,0.0109,23.1791,0.0064,fear
fear\fear_2013.jpg,fear,26.2214,0.0517,7.9766,1.2564,13.7919,0.3159,50.386,neutral,6.5781,0.0,0.3968,16.4413,0.1872,0.1407,76.2559,neutral
fear\fear_2026.jpg,fear,1.0522,0.0005,2.9142,49.1047,1.175,21.7144,24.039,happy,8.4145,0.0008,34.0266,0.0165,57.5154,0.0004,0.0259,sad
fear\fear_2073.jpg,fear,0.3596,0.0009,17.6234,0.0008,3.4028,77.4152,1.1973,surprise,0.0205,0.0,46.2785,0.004,0.0071,53.6899,0.0,surprise
fear\fear_2134.jpg,fear,21.9284,0.0001,4.9918,0.0003,52.6298,20.3101,0.1394,sad,0.0006,0.0,0.2421,0.0,0.0095,99.7478,0.0,surprise
fear\fear_2179.jpg,fear,0.2184,0.0,7.5711,0.7407,1.2286,0.545,89.6961,neutral,0.0545,0.0,0.2528,0.1496,0.6751,0.0148,98.8532,neutral
fear\fear_2214.jpg,fear,88.9501,0.0283,7.827,0.0006,2.9358,0.2118,0.0465,angry,72.9529,0.0,0.3885,0.0037,20.4165,0.0028,6.2356,angry
fear\fear_2245.jpg,fear,0.0019,0.0,0.1002,0.0,0.0489,99.849,0.0,surprise,0.0131,0.0,92.4514,0.0003,1.8678,3.6662,2.0011,fear
fear\fear_2248.jpg,fear,0.0167,0.0,87.5444,0.0,11.6473,0.7913,0.0002,fear,0.0197,0.0,0.0339,0.0,0.0,99.9463,0.0,surprise
fear\fear_2312.jpg,fear,0.2185,0.0,11.7534,0.0,87.1952,0.0,0.8329,sad,7.6266,0.0,1.3602,0.0,74.5831,0.0411,16.389,sad
fear\fear_2430.jpg,fear,0.7971,0.0002,9.3396,0.3484,6.3272,2.9349,80.2527,neutral,0.5931,0.0,0.4129,0.2708,2.8817,12.6984,83.1432,neutral
fear\fear_2442.jpg,fear,19.1614,0.0008,5.5226,0.0013,19.1667,55.9447,0.2025,surprise,0.0006,0.0,0.065,0.0,0.0072,99.9271,0.0,surprise
fear\fear_2491.jpg,fear,0.1266,0.0,23.5945,0.0,76.2756,0.0,0.0033,sad,0.9136,0.0007,85.505,0.0027,13.5313,0.0047,0.0419,fear
fear\fear_2509.jpg,fear,5.1634,0.0002,4.3569,0.0041,88.4942,0.0198,1.9613,sad,0.0407,0.0,0.0013,0.0,0.0235,0.0,99.9345,neutral
fear\fear_2555.jpg,fear,0.0041,0.0,0.0777,0.0001,0.0,99.9181,0.0,surprise,0.0,0.0,0.0152,0.0,0.0,99.9848,0.0,surprise
fear\fear_2587.jpg,fear,0.0001,0.0,96.191,0.0105,0.0043,0.0,3.7941,fear,0.0,0.0,0.061,0.0,0.0,99.939,0.0,surprise
fear\fear_2593.jpg,fear,0.0,0.0,0.0483,0.0,0.0,99.9516,0.0,surprise,68.0774,0.0,3.381,2.9799,3.8635,19.3023,2.3959,angry
fear\fear_2608.jpg,fear,0.0,0.0,1.367,0.0,97.3174,0.0,1.3155,sad,0.0,0.0,0.3395,0.0,0.3784,0.0,99.2821,neutral
fear\fear_2626.jpg,fear,33.2648,0.0019,7.5673,0.9305,5.5469,12.9581,39.7305,neutral,0.3415,0.0,0.001,0.0006,0.0395,0.0036,99.6137,neutral
fear\fear_2698.jpg,fear,0.0,0.0,4.3611,0.0,0.0,95.6389,0.0,surprise,0.0003,0.0,3.6986,0.0075,0.0,96.2937,0.0,surprise
fear\fear_2709.jpg,fear,1.9775,0.0,74.5377,0.7375,1.3282,8.0788,13.3403,fear,15.7451,0.0019,35.7891,0.001,48.4211,0.0059,0.0359,sad
fear\fear_2764.jpg,fear,0.0001,0.0,0.1656,0.0,0.0126,99.8217,0.0,surprise,0.0117,0.0,36.7946,0.0081,4.9594,58.1887,0.0374,surprise
fear\fear_2784.jpg,fear,0.4533,0.0245,98.7763,0.3801,0.2512,0.1097,0.0048,fear,0.0243,0.0027,1.3296,0.0021,0.0002,98.641,0.0001,surprise
fear\fear_2869.jpg,fear,0.0,0.0,34.1477,0.006,0.0,65.8463,0.0,surprise,0.0195,0.0,99.8478,0.0183,0.0,0.1143,0.0001,fear
fear\fear_2872.jpg,fear,0.0101,0.0,94.0339,1.2121,1.4355,0.2933,3.0151,fear,0.0896,0.0,91.2273,0.054,0.0557,8.5474,0.0259,fear
fear\fear_2905.jpg,fear,0.2652,0.0,0.0331,0.0001,1.2167,0.0005,98.4846,neutral,0.0,0.0,0.0049,0.0006,0.0218,0.2011,99.7715,neutral
fear\fear_2936.jpg,fear,0.0003,0.0001,1.1915,0.0005,0.0,98.8075,0.0,surprise,6.4763,0.0,15.9972,0.0134,1.7536,59.1925,16.5669,surprise
happy\happy_0008.jpg,happy,0.0,0.0,0.0,100.0,0.0,0.0,0.0,happy,0.0,0.0,1.0828,1.3078,0.1533,0.0037,97.4524,neutral
happy\happy_0107.jpg,happy,0.0355,0.0,0.2597,0.2983,86.4137,0.0019,12.9909,sad,0.0001,0.0,0.1694,89.1222,0.0036,1.4711,9.2335,happy
happy\happy_0127.jpg,happy,0.0,0.0,0.0,99.9994,0.0003,0.0,0.0003,happy,0.022,0.0001,0.0019,96.8798,0.1561,0.0154,2.9247,happy
happy\happy_0137.jpg,happy,0.0,0.0,0.0,99.9953,0.0043,0.0,0.0005,happy,0.0,0.0,0.0,97.4496,0.0,0.0,2.5504,happy
happy\happy_0189.jpg,happy,0.0009,0.0,0.0006,99.9914,0.0,0.0034,0.0037,happy,0.0,0.0,0.0,99.9672,0.0,0.0,0.0328,happy
happy\happy_0190.jpg,happy,0.0,0.0,0.0,98.9305,0.0001,0.0004,1.069,happy,0.2499,0.0003,0.0557,60.0871,3.5596,0.0155,36.0319,happy
happy\happy_0201.jpg,happy,0.0003,0.0,0.0,96.1647,0.0005,0.2999,3.5345,happy,0.0033,0.0,0.0,85.1657,0.0036,0.0063,14.8211,happy
happy\happy_0208.jpg,happy,0.0008,0.0,0.0217,99.7809,0.0504,0.0219,0.1243,happy,0.0311,0.0,0.0073,90.0923,5.3493,0.0,4.52,happy
happy\happy_0214.jpg,happy,0.0,0.0,0.0001,99.9999,0.0001,0.0,0.0,happy,0.0,0.0,0.0,98.9365,0.0,0.0745,0.989,happy
happy\happy_0227.jpg,happy,0.0,0.0,0.0,99.9866,0.0001,0.0,0.0133,happy,0.0,0.0,0.0,90.237,0.0133,0.0253,9.7243,happy
happy\happy_0229.jpg,happy,0.0007,0.0,0.0,99.7896,0.0009,0.0,0.2088,happy,0.0002,0.0,0.0,98.3709,0.0039,0.0001,1.6248,happy
happy\happy_0258.jpg,happy,0.0,0.0,0.0,99.4074,0.0,0.0,0.5926,happy,0.0,0.0,0.0,96.7957,0.0,0.0,3.2042,happy
happy\happy_0279.jpg,happy,0.0001,0.0,0.0331,99.2113,0.0004,0.7549,0.0003,happy,0.0,0.0,0.0,99.999,0.0,0.0,0.001,happy
happy\happy_0298.jpg,happy,0.0,0.0,0.0,99.2471,0.0,0.0264,0.7265,happy,0.0,0.0,0.0,99.7184,0.0,0.0,0.2817,happy
happy\happy_0311.jpg,happy,0.3284,0.0001,0.0071,98.973,0.1188,0.0009,0.5716,happy,0.3352,0.4316,4.8474,82.9405,2.2414,0.0183,9.1857,happy
happy\happy_0323.jpg,happy,0.0536,0.0001,96.5471,2.735,0.6639,0.0,0.0004,fear,0.0002,0.0,0.0076,99.944,0.031,0.0002,0.017,happy
happy\happy_0353.jpg,happy,1.9027,0.0,0.0393,97.5966,0.289,0.0006,0.1719,happy,0.0052,0.0,0.0001,77.0638,0.0785,0.0009,22.8515,happy
happy\happy_0372.jpg,happy,0.0011,0.0,0.0045,99.9198,0.0059,0.0002,0.0686,happy,0.0017,0.0,0.1262,99.2249,0.1026,0.0357,0.509,happy
happy\happy_0386.jpg,happy,0.0447,0.0,0.2229,95.1356,0.012,3.1397,1.4451,happy,0.0,0.0,0.0,39.4153,0.0,0.0,60.5847,neutral
happy\happy_0388.jpg,happy,0.0,0.0,0.0045,20.1127,0.6148,0.1009,79.1672,neutral,0.0,0.0,0.0186,0.0062,94.7322,0.0,5.2429,sad
happy\happy_0405.jpg,happy,0.5866,0.0004,0.6821,78.7823,4.7387,0.1336,15.0763,happy,4.1239,0.5869,2.4623,51.3694,7.6916,0.5314,33.2343,happy
happy\happy_0406.jpg,happy,0.001,0.0,0.0015,99.5921,0.0082,0.0061,0.391,happy,5.1113,0.0165,3.0565,59.8804,9.2317,6.1474,16.5562,happy
happy\happy_0407.jpg,happy,30.366,0.0113,28.7222,0.229,40.6664,0.0001,0.005,sad,0.0014,0.0,0.1614,0.0001,99.8369,0.0,0.0003,sad
happy\happy_0443.jpg,happy,0.0006,0.0,0.0,99.5979,0.0248,0.0038,0.3727,happy,25.6113,0.0,0.4518,9.9202,1.4615,0.8006,61.7545,neutral
happy\happy_0474.jpg,happy,0.0013,0.0,0.0035,99.8296,0.0015,0.0062,0.1579,happy,0.0,0.0,0.0019,98.3308,0.0003,0.0178,1.6492,happy
happy\happy_0483.jpg,happy,0.1172,0.0003,9.3651,31.6687,2.2377,26.1018,30.5092,happy,0.3733,0.0001,5.7733,59.65,2.4872,22.255,9.4611,happy
happy\happy_0504.jpg,happy,0.4573,0.0002,62.4278,1.7691,16.3997,6.6371,12.3088,fear,0.7093,0.0009,13.0476,1.0884,12.7898,0.1563,72.2077,neutral
happy\happy_0509.jpg,happy,0.017,0.0,78.4672,0.0002,21.5063,0.0003,0.009,fear,0.0012,0.0,0.2568,0.0092,99.3096,0.0,0.4232,sad
happy\happy_0510.jpg,happy,0.0,0.0,0.0,99.9999,0.0001,0.0,0.0,happy,0.0,0.0,0.0,99.9979,0.0,0.0,0.0021,happy
happy\happy_0522.jpg,happy,0.3009,0.0042,85.5515,6.5935,3.5212,0.036,3.9927,fear,0.0168,0.0001,3.8931,74.5441,0.8601,1.2625,19.4233,happy
happy\happy_0533.jpg,happy,0.0,0.0,0.0,99.0397,0.0,0.0,0.9603,happy,0.0001,0.0,0.0,97.1669,0.0001,0.0,2.8329,happy
happy\happy_0542.jpg,happy,8.6511,68.2161,1.6061,0.0024,21.5009,0.0047,0.0185,disgust,79.7329,7.8966,3.7775,0.0337,8.3379,0.0105,0.2109,angry
happy\happy_0604.jpg,happy,0.0001,0.0,0.0,84.6414,0.0036,0.0001,15.3549,happy,0.0002,0.0,0.0003,96.1003,0.0147,0.0014,3.8832,happy
happy\happy_0605.jpg,happy,0.0,0.0,0.0004,99.9974,0.0001,0.0011,0.001,happy,0.1459,0.0019,4.9006,65.0812,1.5666,2.1522,26.1516,happy
happy\happy_0617.jpg,happy,0.0331,0.0448,85.015,8.2694,0.4858,0.6023,5.5495,fear,0.1241,0.0003,0.0266,76.1083,0.1803,0.1527,23.4078,happy
happy\happy_0697.jpg,happy,0.0,0.0,0.0,99.9006,0.0,0.0427,0.0567,happy,0.0007,0.0,0.0001,97.7158,0.0063,0.1077,2.1694,happy
happy\happy_0715.jpg,happy,0.0,0.0,0.0,99.9895,0.0001,0.0004,0.01,happy,0.0002,0.0,0.0,82.669,0.0013,0.4502,16.8792,happy
happy\happy_0720.jpg,happy,0.0002,0.0,0.0001,99.6997,0.0011,0.0045,0.2944,happy,0.3824,0.0,0.3413,0.038,93.8492,0.0,5.3891,sad
happy\happy_0762.jpg,happy,0.0712,0.0,3.3011,96.627,0.0006,0.0001,0.0,happy,0.1046,0.0003,21.8326,77.8286,0.1126,0.0069,0.1144,happy
happy\happy_0798.jpg,happy,0.0015,0.0,0.0001,99.9955,0.0029,0.0,0.0,happy,39.5051,6.4649,3.4279,29.0633,20.8518,0.0092,0.6777,angry
happy\happy_0825.jpg,happy,0.2417,0.0336,49.9092,37.43,1.8102,3.0336,7.5417,fear,0.0025,0.0,0.1041,98.2927,0.0408,0.2525,1.3073,happy
happy\happy_0830.jpg,happy,0.0013,0.0,0.0,58.375,0.0152,0.0011,41.6074,happy,10.3783,0.0081,4.7704,15.3833,10.8569,0.2458,58.3572,neutral
happy\happy_0835.jpg,happy,1.106,0.0005,8.9462,0.1683,89.1092,0.0,0.6697,sad,0.0166,0.0,0.0554,0.0022,99.824,0.0,0.1018,sad
happy\happy_0836.jpg,happy,0.0,0.0,0.0,99.9514,0.0004,0.0,0.0481,happy,0.0002,0.0,0.0,88.3355,0.002,0.0,11.6623,happy
happy\happy_0867.jpg,happy,0.0,0.0,0.0,99.9999,0.0,0.0001,0.0,happy,0.0424,0.0,0.5149,10.3824,0.2994,87.6558,1.105,surprise
happy\happy_0881.jpg,happy,28.7387,0.0039,3.5426,0.0244,59.1152,0.0112,8.5639,sad,0.2409,0.0096,8.3928,0.0161,86.3366,0.0098,4.9943,sad
happy\happy_0892.jpg,happy,0.004,0.0,0.0379,49.2518,0.2112,0.3751,50.1199,neutral,0.1988,0.0781,6.2567,1.7578,21.5953,0.015,70.0984,neutral
happy\happy_0929.jpg,happy,0.0,0.0,0.0,96.9428,0.001,0.0001,3.0561,happy,13.8236,0.0,12.3844,0.0164,27.2566,0.0652,46.4538,neutral
happy\happy_0952.jpg,happy,24.5244,0.2168,27.441,0.6081,28.0394,0.0116,19.1587,sad,0.0858,0.0,0.0,99.7432,0.0002,0.086,0.0849,happy
happy\happy_0953.jpg,happy,0.4419,0.0068,7.9523,19.2936,5.7223,0.0105,66.5725,neutral,3.9238,0.0002,1.1563,0.4788,15.9595,0.056,78.4253,neutral
happy\happy_0965.jpg,happy,0.0,0.0,0.0,99.2611,0.0001,0.0003,0.7385,happy,0.0002,0.0,0.0,98.5727,0.0245,0.185,1.2176,happy
happy\happy_1003.jpg,happy,0.0,0.0,0.0,100.0,0.0,0.0,0.0,happy,0.0,0.0,0.0,94.1999,0.0,0.0,5.8001,happy
happy\happy_1027.jpg,happy,0.018,0.0,0.003,73.0895,0.0106,0.0191,26.8598,happy,3.5978,0.0001,9.4719,1.4701,14.6864,0.1961,70.5777,neutral
happy\happy_1040.jpg,happy,20.7522,0.0109,9.9039,1.0089,42.0806,0.1735,26.07,sad,8.506,0.0,0.9569,0.1564,17.7103,0.0006,72.6698,neutral
happy\happy_1083.jpg,happy,0.0,0.0,0.0001,99.9686,0.0002,0.0,0.0312,happy,0.0001,0.0,0.4771,95.0879,0.6295,0.0375,3.7679,happy
happy\happy_1106.jpg,happy,0.0,0.0,0.0218,0.0,1.0793,0.0,98.8988,neutral,0.0045,0.0,0.0049,12.2634,4.9423,0.0022,82.7827,neutral
happy\happy_1136.jpg,happy,0.0,0.0,0.0,99.9887,0.0006,0.0,0.0107,happy,0.0,0.0,0.0,98.2101,0.0019,0.0007,1.7873,happy
happy\happy_1146.jpg,happy,0.0068,0.0,1.4134,98.3722,0.0061,0.0122,0.1893,happy,1.3896,0.2532,1.0125,32.3135,6.3788,0.2154,58.437,neutral
happy\happy_1188.jpg,happy,0.005,0.0,0.0002,99.3749,0.0961,0.004,0.5198,happy,5.5209,0.013,14.9146,0.0087,75.835,0.0744,3.6334,sad
happy\happy_1223.jpg,happy,0.031,0.0,1.0376,98.8998,0.0302,0.0008,0.0006,happy,3.1753,0.0158,3.4372,82.5649,4.8483,5.6716,0.2868,happy
happy\happy_1269.jpg,happy,3.9311,0.0494,28.1488,8.4619,8.4515,0.0131,50.9443,neutral,0.3379,0.0,0.2645,0.1733,1.4134,0.0256,97.7853,neutral
happy\happy_1296.jpg,happy,5.7567,0.0,0.0,94.0783,0.0,0.0,0.1649,happy,93.8805,0.2567,0.1799,0.0727,4.5115,0.046,1.0527,angry
happy\happy_1327.jpg,happy,0.086,0.0,0.7657,0.1476,7.8203,0.0865,91.0938,neutral,0.212,0.0002,0.3433,0.1096,4.0592,0.0102,95.2655,neutral
happy\happy_1338.jpg,happy,0.0074,0.0015,99.8258,0.1602,0.004,0.0007,0.0004,fear,2.3429,0.0247,25.3157,0.0011,51.9001,0.0664,20.3491,sad
happy\happy_1400.jpg,happy,0.0316,0.0,0.0,99.7251,0.2182,0.0,0.0252,happy,1.836,0.0002,0.0106,97.609,0.2572,0.0001,0.2869,happy
happy\happy_1405.jpg,happy,0.0001,0.0,0.0,99.995,0.0,0.0,0.0049,happy,0.0,0.0,0.0,98.2822,0.0,0.0001,1.7177,happy
happy\happy_1408.jpg,happy,0.0103,0.0,20.7949,0.6134,0.2956,0.1511,78.1346,neutral,5.5267,0.0102,29.895,0.018,39.1743,0.0031,25.3727,sad
happy\happy_1409.jpg,happy,6.3513,0.0001,0.0002,84.0755,0.6976,0.003,8.8723,happy,2.3571,0.0,0.0,25.2034,0.1579,0.0003,72.2814,neutral
happy\happy_1425.jpg,happy,0.6142,0.0,0.0011,98.8499,0.0912,0.0,0.4436,happy,3.8509,0.2629,53.3469,17.0439,11.8928,0.2516,13.351,fear
happy\happy_1461.jpg,happy,0.0614,0.0,99.0587,0.2071,0.5242,0.1083,0.0404,fear,3.858,0.0045,69.6151,6.2904,16.5646,0.0817,3.5856,fear
happy\happy_1464.jpg,happy,1.7905,0.0328,0.0576,88.4367,1.1677,0.0117,8.503,happy,0.0001,0.0,0.0095,98.9701,0.178,0.003,0.8394,happy
happy\happy_1465.jpg,happy,10.7224,0.0013,1.9607,5.2739,73.8949,0.0222,8.1247,sad,0.0494,0.0,0.003,26.0178,1.1451,0.0059,72.7788,neutral
neutral\neutral_0009.jpg,neutral,0.1054,0.0,28.3147,0.0,71.2269,0.0571,0.2958,sad,8.3263,0.0,0.7394,0.0,51.0696,0.0002,39.8646,sad
neutral\neutral_0014.jpg,neutral,33.8886,0.0007,7.287,0.0149,5.9108,7.9152,44.9827,neutral,56.8894,0.0,9.4564,0.0002,31.4003,0.005,2.2487,angry
neutral\neutral_0035.jpg,neutral,5.8006,0.0001,9.0926,0.0027,35.3214,0.0037,49.7789,neutral,31.6585,0.0022,13.6381,0.0003,48.1248,0.0024,6.5737,sad
neutral\neutral_0078.jpg,neutral,0.8529,0.0,0.0001,13.526,1.6478,0.0001,83.973,neutral,13.2755,0.4063,51.0276,0.4707,7.274,0.253,27.2929,fear
neutral\neutral_0081.jpg,neutral,5.1149,0.0,0.0,65.5222,0.0129,0.1663,29.1838,happy,0.0334,0.0,0.4146,0.1385,2.5648,0.1066,96.7421,neutral
neutral\neutral_0112.jpg,neutral,0.3059,0.0,3.8357,0.1731,57.8901,0.0246,37.7706,sad,2.7625,0.0,0.0058,0.0,6.5933,0.0,90.6384,neutral
neutral\neutral_0125.jpg,neutral,0.6678,0.0002,5.4259,0.0379,7.8636,0.0009,86.0036,neutral,3.6684,0.0,0.0708,0.0001,2.6823,0.0,93.5785,neutral
neutral\neutral_0133.jpg,neutral,11.4552,0.0,2.1529,0.0,76.6298,0.0,9.7622,sad,0.4905,0.0,0.0095,0.0,1.6983,0.0,97.8017,neutral
neutral\neutral_0149.jpg,neutral,0.0003,0.0,96.483,0.0002,0.5588,0.6468,2.3109,fear,5.6105,0.0005,40.5572,0.6026,2.1804,39.8114,11.2374,fear
neutral\neutral_0150.jpg,neutral,53.0313,0.0,0.0046,0.024,7.4834,0.0001,39.4565,angry,0.869,0.0006,66.1833,0.2014,12.4973,19.0808,1.1676,fear
neutral\neutral_0166.jpg,neutral,0.695,0.0006,82.4373,0.0188,10.5214,0.6056,5.7213,fear,0.0,0.0,0.0313,0.0035,99.3381,0.0,0.6271,sad
neutral\neutral_0194.jpg,neutral,0.4177,0.001,46.6348,1.535,2.6197,47.605,1.1867,surprise,0.3236,0.0,10.5505,0.0165,29.5811,0.0003,59.528,neutral
neutral\neutral_0200.jpg,neutral,2.9919,0.0005,3.7659,0.0005,91.2967,0.0016,1.943,sad,8.2206,0.0,1.9657,0.0,83.1062,0.0007,6.7067,sad
neutral\neutral_0205.jpg,neutral,0.0003,0.0,0.5059,0.0,0.0099,99.4838,0.0,surprise,3.2848,0.0011,15.7368,0.0359,5.1936,75.4172,0.3306,surprise
neutral\neutral_0210.jpg,neutral,99.9702,0.0,0.0206,0.0002,0.0064,0.0002,0.0023,angry,0.0,0.0,0.0,0.0,0.0017,0.0,99.9983,neutral
neutral\neutral_0228.jpg,neutral,0.0524,0.0,30.0624,21.5448,5.3809,12.3262,30.6333,neutral,2.1674,0.0,37.2488,0.0,58.4213,0.0,2.1625,sad
neutral\neutral_0265.jpg,neutral,0.0055,0.0,0.0045,1.1075,17.9568,0.0001,80.9255,neutral,9.3872,0.0017,0.9641,7.8226,44.4166,0.012,37.3958,sad
neutral\neutral_0297.jpg,neutral,0.0,0.0,0.0261,0.0,10.4742,0.0,89.4996,neutral,5.4882,0.0,10.5017,0.0006,32.3261,0.0,51.6834,neutral
neutral\neutral_0307.jpg,neutral,2.2945,0.0,11.9103,0.0011,61.018,0.0002,24.7759,sad,6.8401,0.0083,39.4634,0.1508,37.9062,1.382,14.2492,fear
neutral\neutral_0311.jpg,neutral,1.2685,0.0003,61.6482,0.191,1.2064,35.4432,0.2424,fear,1.3673,0.0,22.5774,0.0045,12.5882,1.925,61.5376,neutral
neutral\neutral_0330.jpg,neutral,1.0017,0.0176,89.5952,1.318,4.7127,0.8579,2.497,fear,3.9507,0.0516,12.0373,0.1227,76.1426,0.0115,7.6836,sad
neutral\neutral_0333.jpg,neutral,31.3512,0.0001,0.446,0.0,55.3682,0.0,12.8345,sad,45.002,0.0,4.7443,0.0001,46.0184,0.0111,4.2242,sad
neutral\neutral_0370.jpg,neutral,0.7834,0.0,11.8935,0.0192,68.7319,13.7685,4.8035,sad,0.0063,0.0,0.1994,0.0009,3.2683,0.0061,96.519,neutral
neutral\neutral_0374.jpg,neutral,0.0,0.0,99.9891,0.0009,0.0,0.0044,0.0055,fear,0.0,0.0,0.3682,77.0045,22.5355,0.0,0.0919,happy
neutral\neutral_0392.jpg,neutral,0.1266,0.0,60.6466,0.0119,37.8908,0.0006,1.3236,fear,8.3169,0.0,4.6588,0.0,83.0475,0.0003,3.9765,sad
neutral\neutral_0396.jpg,neutral,7.9942,0.0,0.107,0.0,64.3741,0.0,27.5247,sad,5.7493,0.0,0.0017,0.0001,4.2928,0.0,89.9561,neutral
neutral\neutral_0409.jpg,neutral,22.5834,0.0001,16.4319,0.0,48.9678,0.0,12.0169,sad,3.816,0.0,22.8664,0.0,47.7415,0.0007,25.5754,sad
neutral\neutral_0421.jpg,neutral,0.6151,0.0001,19.7738,0.1354,20.6931,0.3878,58.3947,neutral,1.0798,0.0,0.8069,0.0006,79.3311,12.6368,6.145,sad
neutral\neutral_0425.jpg,neutral,0.0148,0.0,3.3791,0.4697,0.7664,0.067,95.303,neutral,3.2644,0.0011,3.7577,0.7087,17.533,0.0975,74.6377,neutral
neutral\neutral_0470.jpg,neutral,0.0081,0.0,12.8498,1.5381,0.9359,7.7813,76.8868,neutral,0.2757,0.0026,6.6014,27.139,6.9537,0.0746,58.953,neutral
neutral\neutral_0498.jpg,neutral,42.3102,0.0046,5.608,0.0389,23.0834,0.0104,28.9444,angry,12.0172,0.0,2.6566,0.0,60.9371,0.0,24.389,sad
neutral\neutral_0540.jpg,neutral,0.0434,0.0,5.1926,0.0001,85.7517,0.0001,9.0122,sad,15.5644,0.0075,11.1209,0.0271,62.5307,0.0483,10.7012,sad
neutral\neutral_0546.jpg,neutral,0.8071,0.0,0.1593,0.0001,37.9488,0.0,61.0847,neutral,1.2419,0.0,0.559,0.0002,7.4787,0.0,90.7202,neutral
neutral\neutral_0575.jpg,neutral,0.5066,0.0,0.0336,0.0084,3.731,0.0015,95.719,neutral,18.6762,0.0003,0.1498,0.0617,40.5074,0.0034,40.6011,neutral
neutral\neutral_0590.jpg,neutral,0.0216,0.0,36.4046,0.005,52.4637,0.0299,11.0753,sad,0.4279,0.0,0.276,0.0,25.1619,0.169,73.9651,neutral
neutral\neutral_0599.jpg,neutral,0.8301,0.0,0.0076,0.0001,19.9946,0.0,79.1676,neutral,0.1361,0.0,0.0045,0.0003,0.4179,0.0,99.4411,neutral
neutral\neutral_0616.jpg,neutral,17.8404,0.0,2.3334,0.0,77.6034,0.0004,2.2224,sad,0.3008,0.0026,3.0979,0.3005,1.0724,0.107,95.1188,neutral
neutral\neutral_0673.jpg,neutral,0.023,0.0,33.7303,5.232,59.1299,0.0001,1.8847,sad,0.0211,0.0,47.0983,0.0001,48.5023,0.0001,4.3782,sad
neutral\neutral_0675.jpg,neutral,0.0192,0.0,0.0,0.0077,0.1225,0.0,99.8506,neutral,0.0004,0.0,0.0128,0.0049,0.8881,0.0,99.0938,neutral
neutral\neutral_0677.jpg,neutral,0.4497,0.0,47.0901,0.0,25.419,0.0268,27.0144,fear,4.1792,0.001,10.0488,0.0051,47.0013,38.1521,0.6126,sad
neutral\neutral_0707.jpg,neutral,0.0139,0.0,0.1877,2.4933,0.1462,0.0009,97.1581,neutral,0.2631,0.0,0.5635,35.1793,1.8442,0.0098,62.1401,neutral
neutral\neutral_0729.jpg,neutral,0.593,0.0,14.8514,0.0102,0.9208,0.0606,83.5638,neutral,14.2617,0.0,22.2735,0.005,26.6231,0.059,36.7776,neutral
neutral\neutral_0761.jpg,neutral,0.1713,0.0,3.7555,0.0001,95.903,0.1161,0.0541,sad,0.0433,0.0,0.0003,0.0,0.2684,0.0,99.688,neutral
neutral\neutral_0763.jpg,neutral,8.6693,0.0,0.0476,0.0388,14.3569,0.0001,76.8873,neutral,0.4249,0.0,0.159,0.0089,3.8274,0.0003,95.5796,neutral
neutral\neutral_0769.jpg,neutral,4.0558,0.0356,4.7027,0.9432,11.2453,0.7245,78.2928,neutral,13.3509,0.0,0.6205,0.6064,4.0601,0.0012,81.3608,neutral
neutral\neutral_0771.jpg,neutral,0.4855,0.0,5.4444,0.2198,88.5732,0.0111,5.2661,sad,11.1967,0.0,0.3709,0.0857,7.8121,0.0075,80.5272,neutral
neutral\neutral_0774.jpg,neutral,3.0603,0.0001,49.8066,0.7719,1.7222,40.4576,4.1814,fear,0.0327,0.0,2.4558,0.5768,0.0596,0.2176,96.6576,neutral
neutral\neutral_0787.jpg,neutral,0.0024,0.0,1.0337,0.0,90.9444,0.0,8.0195,sad,0.0869,0.0,0.8947,0.0131,0.9732,0.0901,97.9421,neutral
neutral\neutral_0819.jpg,neutral,18.5247,0.0,0.0656,0.001,78.8285,0.5035,2.0768,sad,0.0,0.0,0.0,100.0,0.0,0.0,0.0,happy
neutral\neutral_0828.jpg,neutral,2.0778,0.0,0.5236,0.0,19.2401,0.0,78.1586,neutral,12.0681,0.0032,7.0849,0.0028,59.1136,0.0233,21.7041,sad
neutral\neutral_0842.jpg,neutral,0.0311,0.0,0.3934,2.842,7.281,0.0247,89.4279,neutral,0.0143,0.0,0.0002,0.0047,0.0381,0.0,99.9427,neutral
neutral\neutral_0845.jpg,neutral,20.0839,0.0144,2.1723,0.0005,76.9143,0.0,0.8146,sad,0.0033,0.0,0.2159,0.0001,99.4925,0.0,0.2883,sad
neutral\neutral_0849.jpg,neutral,0.0565,0.0,1.5907,0.0019,0.3626,0.0,97.9883,neutral,6.2391,0.0001,4.2015,0.1314,13.9777,0.0041,75.4461,neutral
neutral\neutral_0886.jpg,neutral,0.0053,0.0,0.017,0.0,0.5222,0.0,99.4555,neutral,0.6224,0.0067,4.2151,0.0062,5.7167,0.019,89.414,neutral
neutral\neutral_0890.jpg,neutral,1.056,0.0,12.4455,0.0001,55.9647,0.0,30.5337,sad,0.039,0.0,89.9988,0.0,9.962,0.0,0.0002,fear
neutral\neutral_0894.jpg,neutral,15.5158,0.0,4.822,0.0,44.4563,0.0,35.2059,sad,31.5822,0.0,43.953,0.0,21.9434,0.1835,2.3379,fear
neutral\neutral_0904.jpg,neutral,0.0001,0.0,0.0002,0.0003,0.2546,0.0,99.7449,neutral,0.0006,0.0,0.0095,0.0,0.0861,0.0,99.9038,neutral
neutral\neutral_0915.jpg,neutral,11.8397,0.0925,1.5847,0.597,42.7669,0.0002,43.119,neutral,0.0239,0.0,0.0525,0.0266,3.1264,0.0001,96.7705,neutral
neutral\neutral_0941.jpg,neutral,0.0,0.0,0.0011,0.0007,0.0043,0.0,99.9939,neutral,5.5035,0.0101,12.5359,0.062,26.3233,0.0408,55.5244,neutral
neutral\neutral_0951.jpg,neutral,0.279,0.0,0.0056,77.774,1.8286,0.0158,20.097,happy,0.3124,0.0,0.3737,0.2675,0.9248,0.0026,98.119,neutral
neutral\neutral_0952.jpg,neutral,0.0,0.0,11.7903,0.0,88.1994,0.0,0.0103,sad,6.8616,0.0,1.8496,0.0001,55.2317,0.0002,36.0568,sad
neutral\neutral_0996.jpg,neutral,0.0014,0.0,1.4476,0.0005,5.0211,0.0,93.5294,neutral,0.0358,0.0,0.0138,0.0,0.8873,0.0,99.0631,neutral
neutral\neutral_1007.jpg,neutral,12.483,0.0162,37.8189,0.0313,45.9631,0.0069,3.6806,sad,4.6282,0.0005,2.8929,0.0037,42.6513,0.0025,49.8208,neutral
neutral\neutral_1011.jpg,neutral,0.3043,0.0,0.2487,0.0,8.0884,0.0004,91.3582,neutral,1.4966,0.0,0.0619,0.0,1.8224,0.0013,96.6178,neutral
neutral\neutral_1013.jpg,neutral,0.0071,0.0,2.7676,0.9118,3.5465,0.0093,92.7576,neutral,0.0,0.0,0.0,99.9947,0.0,0.0,0.0052,happy
neutral\neutral_1019.jpg,neutral,0.0041,0.0,0.0001,0.3681,27.0939,0.0,72.5339,neutral,23.2272,0.0,6.8781,0.0021,56.897,12.8122,0.1833,sad
neutral\neutral_1027.jpg,neutral,7.575,0.0002,11.1116,0.0132,1.2806,77.6766,2.343,surprise,0.138,0.0,45.5949,1.4259,1.2464,17.6819,33.9128,fear
neutral\neutral_1034.jpg,neutral,0.0005,0.0,0.001,53.1551,0.6871,0.0008,46.1554,happy,0.0252,0.0,0.0857,0.0251,1.1379,0.0014,98.7247,neutral
neutral\neutral_1046.jpg,neutral,0.894,0.0,2.0067,0.0,90.5107,0.0,6.5886,sad,0.0001,0.0,0.0011,97.5466,0.0312,0.0131,2.4078,happy
neutral\neutral_1071.jpg,neutral,0.0142,0.0,0.4369,0.0042,12.592,0.0,86.9528,neutral,11.9543,0.0097,15.0938,0.4552,23.8398,0.0289,48.6183,neutral
neutral\neutral_1074.jpg,neutral,0.007,0.0,90.2101,0.0001,8.673,0.0,1.1098,fear,46.0636,0.0004,0.7798,5.5801,18.2623,0.0822,29.2316,angry
neutral\neutral_1101.jpg,neutral,0.0002,0.0,0.4041,0.0001,0.0314,0.0253,99.5388,neutral,15.5278,0.0021,26.8958,0.0019,52.9028,0.4867,4.1829,sad
sad\sad_0011.jpg,sad,0.0133,0.0,95.1162,0.0,4.87,0.0,0.0005,fear,0.0,0.0,0.1754,67.5335,20.1958,0.0,12.0952,happy
sad\sad_0021.jpg,sad,0.1293,0.0,2.6968,0.0,96.7713,0.0,0.4026,sad,13.3293,0.1786,26.9855,0.0007,57.208,0.0081,2.2897,sad
sad\sad_0024.jpg,sad,92.6162,0.0,0.2051,0.0065,3.4648,0.0004,3.7069,angry,26.8368,0.0,0.0021,0.0004,13.5634,0.0083,59.5891,neutral
sad\sad_0026.jpg,sad,2.9885,0.0,2.6458,0.0,93.3369,0.0005,1.0282,sad,0.2296,0.0,17.2033,0.0,16.9822,0.0,65.5849,neutral
sad\sad_0055.jpg,sad,0.106,0.0035,0.8592,0.0001,98.8913,0.0,0.1399,sad,3.1637,0.0016,0.3788,0.0041,94.6978,0.0009,1.7532,sad
sad\sad_0064.jpg,sad,11.0511,0.9175,1.2352,0.3552,72.4771,0.0032,13.9607,sad,0.195,0.0,0.0159,0.0894,35.521,0.0,64.1787,neutral
sad\sad_0104.jpg,sad,0.2233,0.0331,0.9731,0.0025,0.6488,98.1063,0.0128,surprise,32.7569,0.4247,38.3665,0.0133,24.9702,1.2111,2.2572,fear
sad\sad_0111.jpg,sad,0.0469,0.0,76.0655,0.0075,21.8926,0.0,1.9874,fear,15.5158,0.0404,16.7383,0.0001,54.3433,0.0003,13.3618,sad
sad\sad_0114.jpg,sad,0.4423,0.0,0.5108,0.0001,6.5106,0.0842,92.452,neutral,9.1518,0.0057,4.3643,0.0274,35.4415,0.0017,51.0076,neutral
sad\sad_0149.jpg,sad,0.1767,0.0,5.6136,0.0,93.945,0.0012,0.2635,sad,5.9305,0.008,9.0953,0.0011,21.9198,0.011,63.0343,neutral
sad\sad_0157.jpg,sad,0.1126,0.0043,1.4799,93.3671,4.9715,0.0,0.0645,happy,5.8962,2.6413,15.6539,1.5821,70.0055,0.0121,4.209,sad
sad\sad_0204.jpg,sad,79.571,0.0,0.0292,0.1627,1.3152,0.0,18.922,angry,0.3022,0.0,0.5125,11.7017,0.0174,0.0014,87.4649,neutral
sad\sad_0224.jpg,sad,0.139,0.0543,38.1414,0.0156,60.5209,0.003,1.1257,sad,8.0776,0.2327,5.4845,0.3228,60.3595,0.0172,25.5058,sad
sad\sad_0236.jpg,sad,10.4973,0.0956,9.3634,0.0028,79.9992,0.0036,0.0381,sad,19.0909,0.0008,9.1034,0.0021,51.8968,0.0001,19.9059,sad
sad\sad_0269.jpg,sad,0.0,0.0,0.0,99.6837,0.0036,0.0,0.3127,happy,0.1038,0.0,0.0921,48.5011,1.7857,1.6113,47.906,happy
sad\sad_0353.jpg,sad,50.7509,0.0,4.1557,0.0001,41.7009,0.0001,3.3922,angry,14.3413,0.0,0.0593,0.0019,9.4809,0.0002,76.1165,neutral
sad\sad_0355.jpg,sad,0.0,0.0,0.2772,0.0005,99.7186,0.0,0.0037,sad,0.0,0.0,0.0087,0.0088,83.6009,0.0,16.3816,sad
sad\sad_0410.jpg,sad,1.5645,0.0001,4.9685,81.051,10.0541,1.0694,1.2924,happy,4.5215,0.1199,17.0775,1.5111,8.3887,2.4172,65.9641,neutral
sad\sad_0482.jpg,sad,39.1684,0.0,0.0876,0.0255,3.4433,0.0,57.2752,neutral,42.1426,0.0011,7.762,0.0033,30.1025,0.0152,19.9734,angry
sad\sad_0489.jpg,sad,2.2264,0.0744,48.2015,0.581,48.2026,0.5346,0.1795,sad,3.8084,0.0243,18.4602,0.0355,77.3992,0.0497,0.2227,sad
sad\sad_0506.jpg,sad,28.537,23.1612,8.3945,0.0284,3.0984,34.6068,2.1736,surprise,3.4297,0.0,0.0013,0.0,4.209,0.0,92.3599,neutral
sad\sad_0527.jpg,sad,0.4925,0.0,39.4806,0.0,54.7313,1.0993,4.1963,sad,0.0361,0.0,33.5313,0.0003,50.171,16.1034,0.158,sad
sad\sad_0535.jpg,sad,51.419,0.0,5.7426,0.0002,37.8251,0.007,5.0061,angry,1.2754,0.0763,41.1081,0.0005,57.41,0.0005,0.1293,sad
sad\sad_0557.jpg,sad,4.7441,1.6029,79.5187,0.0153,13.4871,0.0015,0.6303,fear,0.3234,0.0001,4.4027,0.0001,95.2113,0.0003,0.0621,sad
sad\sad_0575.jpg,sad,6.8166,0.0025,65.2335,0.0001,26.7122,0.051,1.184,fear,61.6387,2.7355,3.5215,0.0055,5.342,26.6647,0.0921,angry
sad\sad_0578.jpg,sad,0.0433,0.0,1.8197,0.0242,2.9179,0.0002,95.1948,neutral,4.4765,0.0016,29.0005,0.0275,64.2377,1.9146,0.3416,sad
sad\sad_0648.jpg,sad,0.3016,0.1343,1.3353,0.0,98.2255,0.0001,0.0032,sad,56.2886,0.0574,7.2455,0.0,36.1161,0.011,0.2813,angry
sad\sad_0680.jpg,sad,0.0216,0.0,24.3509,14.6173,0.3957,0.1251,60.4895,neutral,0.0002,0.0,1.3864,71.6431,22.7558,0.0,4.2145,happy
sad\sad_0733.jpg,sad,18.3713,0.084,52.2408,0.0345,23.8794,0.0475,5.3426,fear,36.4347,0.0,6.0043,0.0002,53.3955,0.0,4.1653,sad
sad\sad_0760.jpg,sad,0.0761,0.0003,17.1892,0.0026,81.7128,0.0001,1.0189,sad,0.6646,0.0001,0.3963,0.0004,13.7803,0.0,85.1584,neutral
sad\sad_0790.jpg,sad,10.676,0.0114,53.0479,0.0138,27.4636,0.803,7.9843,fear,2.4119,0.0,0.5144,0.0,5.4318,0.0001,91.6418,neutral
sad\sad_0794.jpg,sad,0.0213,0.0,5.9191,0.0021,92.7644,0.0001,1.293,sad,2.0224,0.0,1.8437,0.0013,13.3782,0.0001,82.7543,neutral
sad\sad_0795.jpg,sad,0.1337,0.0,0.7849,0.3346,12.1161,0.0837,86.5469,neutral,0.0,0.0,0.0326,90.9272,1.3602,0.0,7.68,happy
sad\sad_0819.jpg,sad,0.8181,0.0,0.6774,0.069,98.3762,0.0,0.0593,sad,0.005,0.0,0.0012,0.004,0.0216,0.0006,99.9676,neutral
sad\sad_0846.jpg,sad,1.6574,0.0,4.7908,0.0294,63.7027,0.0017,29.818,sad,18.6954,0.1713,6.2788,0.0248,68.5552,0.0038,6.2706,sad
sad\sad_0852.jpg,sad,3.1555,0.3234,1.2344,0.1278,90.431,0.4768,4.2512,sad,10.4129,2.0369,52.3733,0.2132,0.3409,34.4956,0.1273,fear
sad\sad_0870.jpg,sad,9.7844,0.0206,13.6681,0.542,38.4846,27.2653,10.235,sad,5.7161,0.0003,12.6422,0.0141,50.2518,30.1598,1.2156,sad
sad\sad_0892.jpg,sad,0.0001,0.0,0.0,18.2175,0.0187,0.0,81.7636,neutral,0.0003,0.0,0.6978,0.8752,0.0707,1.552,96.8041,neutral
sad\sad_0909.jpg,sad,0.4079,0.0,1.1647,0.0029,97.7151,0.0,0.7095,sad,0.0786,0.0,2.1312,0.0001,97.7742,0.0004,0.0156,sad
sad\sad_0929.jpg,sad,0.1874,0.0,14.4538,6.1635,0.3959,74.4164,4.383,surprise,0.0395,0.0,2.6156,0.0002,94.0482,0.0002,3.2962,sad
sad\sad_0963.jpg,sad,0.0224,0.0,1.4053,0.0002,6.6916,0.1278,91.7528,neutral,7.256,0.0966,25.087,0.2652,0.3576,66.7335,0.204,surprise
sad\sad_0974.jpg,sad,0.0674,0.0,5.6308,0.0,49.3517,44.3402,0.6099,sad,11.4442,0.0007,10.4556,0.0094,66.4364,0.1476,11.506,sad
sad\sad_0998.jpg,sad,2.5587,0.0,0.3288,0.0214,59.8022,0.0002,37.2888,sad,0.1917,0.0,0.0652,0.0,51.7526,0.0,47.9906,sad
sad\sad_1043.jpg,sad,18.4253,0.4201,19.6263,1.5744,28.2064,0.2035,31.544,neutral,6.4901,0.0431,15.1083,0.0042,69.9709,0.0025,8.381,sad
sad\sad_1047.jpg,sad,0.0035,0.0,0.1864,4.7705,8.2861,0.0045,86.749,neutral,0.0047,0.0,1.0981,0.0003,98.8957,0.0,0.0012,sad
sad\sad_1052.jpg,sad,7.9865,0.0,0.1867,0.9378,25.3169,0.0006,65.5715,neutral,0.514,0.0,0.5088,0.0001,23.4726,0.0001,75.5044,neutral
sad\sad_1072.jpg,sad,0.8493,0.0754,53.2097,0.0009,40.2094,3.4503,2.205,fear,11.543,0.0062,34.1405,0.0625,21.9166,24.1899,8.1413,fear
sad\sad_1109.jpg,sad,0.0373,0.0,10.1713,0.2137,87.1391,0.0003,2.4382,sad,1.2998,0.0277,27.3315,0.0079,69.5123,0.0961,1.7248,sad
sad\sad_1110.jpg,sad,4.2489,0.0004,1.834,0.0386,36.0809,0.0557,57.7413,neutral,0.8822,0.0,0.8803,0.0001,19.2642,0.1308,78.8425,neutral
sad\sad_1131.jpg,sad,0.0708,0.0,5.078,0.0038,5.241,0.0029,89.6035,neutral,0.0186,0.0,28.2582,10.0695,9.881,0.7401,51.0325,neutral
sad\sad_1159.jpg,sad,0.4793,0.0007,0.4355,0.4268,53.7932,0.0005,44.864,sad,0.8086,0.0,3.0918,0.0087,82.0578,0.0,14.033,sad
sad\sad_1163.jpg,sad,9.3676,0.0068,30.7045,0.0007,54.8544,0.132,4.934,sad,15.8548,0.0001,2.6983,0.0016,51.9893,0.005,29.4508,sad
sad\sad_1181.jpg,sad,83.9531,0.0,0.971,0.0063,14.1058,0.0001,0.9636,angry,7.1198,0.0,0.7028,0.0002,82.3639,0.0002,9.813,sad
sad\sad_1196.jpg,sad,15.4862,0.1624,72.7649,0.0012,9.3879,1.2631,0.9342,fear,19.8989,0.0,0.263,0.007,46.1591,0.0045,33.6675,sad
sad\sad_1202.jpg,sad,13.3655,0.0,0.1862,0.0016,74.784,0.0,11.6627,sad,1.9489,0.0,71.7387,0.0,23.4599,0.001,2.8514,fear
sad\sad_1215.jpg,sad,73.9856,0.0,0.3433,0.0,24.7766,0.0,0.8946,angry,66.6602,0.0004,15.6186,1.4204,0.1842,15.7067,0.4095,angry
sad\sad_1222.jpg,sad,0.1654,0.0001,97.8872,0.0001,1.9341,0.0,0.0131,fear,23.0325,0.1011,45.5517,0.0129,30.6647,0.4904,0.1467,fear
sad\sad_1242.jpg,sad,5.2259,0.0002,1.5105,0.3428,35.1961,0.0006,57.724,neutral,2.5584,0.0,0.0097,0.006,10.5231,0.0001,86.9028,neutral
sad\sad_1244.jpg,sad,3.3423,0.0006,37.0507,0.0,50.8755,5.3195,3.4114,sad,5.9289,0.0,4.4753,0.0,70.1481,0.0,19.4476,sad
sad\sad_1250.jpg,sad,11.3024,0.0647,47.4037,0.0075,31.8436,0.0149,9.3632,fear,9.2683,0.0137,39.2042,0.1601,33.7828,0.1022,17.4686,fear
sad\sad_1290.jpg,sad,8.5637,0.0,8.5178,0.0,68.4636,0.0,14.4549,sad,3.5026,0.0,14.1341,0.0,47.0067,0.0,35.3566,sad
sad\sad_1369.jpg,sad,0.0017,0.0,0.0236,91.0599,0.5738,0.0005,8.3405,happy,2.4688,0.0222,27.5224,0.5037,67.6091,0.0113,1.8625,sad
sad\sad_1396.jpg,sad,21.6323,0.4058,28.6649,0.0011,48.3198,0.5887,0.3875,sad,1.1596,0.0018,22.172,0.0041,76.1383,0.06,0.4642,sad
sad\sad_1411.jpg,sad,11.152,0.0,23.9819,0.0,64.4625,0.0006,0.403,sad,5.4265,0.0015,42.5011,0.0001,49.4172,0.0268,2.6269,sad
sad\sad_1431.jpg,sad,0.2718,0.309,4.1775,0.0,95.1423,0.0,0.0994,sad,0.0062,0.0,0.17,0.0,98.0787,0.0,1.7452,sad
sad\sad_1432.jpg,sad,0.0207,0.0007,26.5957,20.002,44.2877,1.0625,8.0307,sad,0.0671,0.0,0.1259,0.0081,2.3301,0.0003,97.4685,neutral
sad\sad_1461.jpg,sad,0.0772,0.0,21.5236,0.0,55.7995,22.577,0.0227,sad,2.6328,0.0004,76.0734,0.0414,2.9462,17.9517,0.3541,fear
sad\sad_1464.jpg,sad,14.1314,0.0015,9.8205,0.0056,43.5894,0.0052,32.4464,sad,8.1358,0.0002,3.2754,0.0207,54.8074,0.0052,33.7552,sad
sad\sad_1468.jpg,sad,0.642,0.0,2.2279,8.4927,27.1353,0.0118,61.4903,neutral,0.0005,0.0,0.0,0.0456,98.5445,0.0,1.4094,sad
sad\sad_1481.jpg,sad,0.2619,0.0,0.074,0.0284,88.1038,0.0,11.5318,sad,1.9206,0.0,0.0807,0.0,93.8623,0.0,4.1364,sad
sad\sad_1485.jpg,sad,1.7826,0.1605,18.4854,2.015,45.2337,0.171,32.1518,sad,0.0392,0.0005,0.5456,91.8854,2.82,0.0321,4.6771,happy
sad\sad_1530.jpg,sad,0.0075,0.0,0.2136,0.0,99.5303,0.0,0.2486,sad,14.5206,0.1805,29.1764,0.0011,53.1128,0.1316,2.8771,sad
surprise\surprise_0038.jpg,surprise,62.182,0.0206,22.3212,0.0768,1.303,12.7819,1.3145,angry,1.8841,0.0,0.0105,0.0,1.3818,0.0,96.7235,neutral
surprise\surprise_0051.jpg,surprise,5.2926,0.0,1.1078,0.0161,0.0497,71.8359,21.698,surprise,61.914,0.0,0.0016,0.0,0.0264,0.0006,38.0574,angry
surprise\surprise_0052.jpg,surprise,0.2085,0.0,20.7639,0.0,64.7117,0.0336,14.2823,sad,47.2761,0.0002,11.0702,0.0083,30.2448,1.5626,9.8378,angry
surprise\surprise_0076.jpg,surprise,0.0057,0.0,29.2102,4.1102,0.0001,66.6738,0.0,surprise,0.0687,0.0,91.177,0.1831,0.0044,8.5648,0.002,fear
surprise\surprise_0111.jpg,surprise,60.5016,0.0026,18.7488,0.0115,13.8635,1.1432,5.7288,angry,0.0047,0.0,0.0001,0.0018,0.0205,0.0008,99.972,neutral
surprise\surprise_0126.jpg,surprise,1.7365,0.0,0.2625,0.2223,62.9471,0.0,34.8316,sad,0.1939,0.0,0.1709,0.0,41.1206,0.0,58.5147,neutral
surprise\surprise_0130.jpg,surprise,0.0872,0.0,21.8695,0.1669,72.0956,0.071,5.7099,sad,0.4376,0.0,0.6421,0.0,98.5608,0.0001,0.3595,sad
surprise\surprise_0178.jpg,surprise,0.7686,0.0,47.6889,0.0152,5.8426,5.2755,40.4092,fear,73.387,7.3284,15.1225,0.069,0.7717,0.2303,3.0912,angry
surprise\surprise_0189.jpg,surprise,0.527,0.0002,25.7033,0.0003,16.8861,56.5309,0.3522,surprise,8.4939,0.0001,43.1323,0.0001,44.1462,0.0197,4.2078,sad
surprise\surprise_0206.jpg,surprise,1.7788,4.2134,82.0559,0.6084,0.1931,2.8846,8.2657,fear,47.5819,0.076,20.1621,0.0227,26.4191,0.3278,5.4104,angry
surprise\surprise_0266.jpg,surprise,0.3444,0.0,67.4603,0.0008,15.2019,16.9694,0.0232,fear,2.3759,0.0,23.4698,0.0007,73.939,0.0508,0.1637,sad
surprise\surprise_0282.jpg,surprise,3.2401,0.0001,0.0087,0.0013,2.4171,0.0001,94.3326,neutral,0.0,0.0,0.0001,0.0193,0.0001,0.0261,99.9545,neutral
surprise\surprise_0287.jpg,surprise,0.0,0.0,0.845,2.194,0.1359,0.0639,96.7612,neutral,0.0,0.0,1.3886,0.0,0.0,98.6114,0.0,surprise
surprise\surprise_0291.jpg,surprise,0.0,0.0,0.0045,0.0,0.0001,99.9954,0.0,surprise,0.0,0.0,0.0,0.0,0.0,100.0,0.0,surprise
surprise\surprise_0313.jpg,surprise,3.0848,0.0007,2.7916,0.3873,17.2832,0.1229,76.3294,neutral,1.2096,0.0,0.0595,0.0001,1.3908,0.0077,97.3325,neutral
surprise\surprise_0332.jpg,surprise,0.0292,0.0,0.2119,0.6342,5.4493,0.0725,93.603,neutral,9.3725,0.0001,8.2258,0.0,27.9235,52.9535,1.5247,surprise
surprise\surprise_0377.jpg,surprise,0.0,0.0,0.2704,0.0,98.7028,0.0,1.0267,sad,0.0,0.0,94.4071,0.0,0.0003,0.0071,5.5855,fear
surprise\surprise_0384.jpg,surprise,0.9718,0.0002,70.6107,0.3747,2.852,21.5027,3.688,fear,10.7964,0.0431,14.3901,3.1226,13.1451,0.9249,57.5779,neutral
surprise\surprise_0390.jpg,surprise,0.0055,0.0,5.0742,0.0096,0.3802,94.5116,0.0188,surprise,1.2603,0.0003,94.2041,0.017,1.1746,3.343,0.0008,fear
surprise\surprise_0405.jpg,surprise,54.255,0.216,32.2658,0.3588,9.5973,3.1815,0.1256,angry,1.1318,0.0,0.2104,0.0002,4.2697,0.0001,94.3879,neutral
surprise\surprise_0409.jpg,surprise,0.0437,0.0,0.1282,0.0571,0.0101,0.2946,99.4664,neutral,0.0058,0.0,0.9962,0.0002,0.0037,98.9942,0.0,surprise
surprise\surprise_0423.jpg,surprise,67.9302,0.0075,15.3478,0.0001,15.7477,0.0029,0.9639,angry,83.4155,0.0,0.0773,0.0675,2.8098,0.3441,13.2858,angry
surprise\surprise_0443.jpg,surprise,5.5763,0.0676,12.0866,0.4738,0.1044,81.5013,0.1901,surprise,0.03,0.0,88.4319,0.0031,0.1016,11.0807,0.3527,fear
surprise\surprise_0462.jpg,surprise,0.0226,0.0,41.086,0.0059,0.0631,58.8207,0.0017,surprise,23.7011,0.0,6.6005,0.0903,0.605,57.6125,11.3906,surprise
surprise\surprise_0482.jpg,surprise,1.3966,0.006,19.2469,3.5993,48.8219,0.3311,26.5983,sad,0.0,0.0,12.5092,0.0,0.0,0.005,87.4858,neutral
surprise\surprise_0503.jpg,surprise,23.8041,0.0083,0.9182,0.0825,71.4979,0.3246,3.3645,sad,7.2981,0.0004,5.9542,0.2227,15.9967,32.498,38.0299,neutral
surprise\surprise_0508.jpg,surprise,0.0,0.0,0.7331,0.0,0.0,99.2669,0.0,surprise,0.0,0.0,0.0028,0.0,0.0,99.9972,0.0,surprise
surprise\surprise_0514.jpg,surprise,0.0009,0.0,65.24,0.0,26.3393,0.0022,8.4176,fear,0.5402,0.0,0.6225,0.0,28.2653,4.4166,66.1554,neutral
surprise\surprise_0525.jpg,surprise,0.0293,0.0003,1.8686,0.0018,0.0121,98.077,0.011,surprise,1.725,0.0031,0.4933,0.0153,0.084,97.5046,0.1747,surprise
surprise\surprise_0646.jpg,surprise,0.0003,0.0,2.9378,0.0,0.0482,97.0137,0.0,surprise,0.0002,0.0,0.359,0.0,0.0232,99.6176,0.0,surprise
surprise\surprise_0696.jpg,surprise,13.2846,0.0,12.1068,0.0001,52.1952,0.0168,22.3965,sad,0.7863,0.0,0.3733,0.0026,1.6333,0.0004,97.2041,neutral
surprise\surprise_0704.jpg,surprise,0.0002,0.0,0.0696,0.0,0.0,99.9302,0.0,surprise,12.5374,0.0,1.3198,0.0733,0.0918,85.9202,0.0575,surprise
surprise\surprise_0707.jpg,surprise,99.165,0.0004,0.6771,0.0019,0.0496,0.0932,0.0128,angry,0.0777,0.0,0.0371,0.0007,0.0575,0.1789,99.6481,neutral
surprise\surprise_0715.jpg,surprise,0.0194,0.0,0.6802,0.0022,0.121,99.1547,0.0225,surprise,0.4755,0.0,2.553,0.0535,0.0245,96.8829,0.0106,surprise
surprise\surprise_0769.jpg,surprise,0.0,0.0,0.2803,0.0018,0.0,99.7178,0.0001,surprise,1.9315,0.0,0.7471,0.0634,0.011,0.1325,97.1145,neutral
surprise\surprise_0807.jpg,surprise,9.9181,0.003,7.2691,0.3045,26.7274,0.4814,55.2965,neutral,8.536,0.0,0.0141,0.0042,5.6757,0.0,85.77,neutral
surprise\surprise_0824.jpg,surprise,0.0541,0.0001,0.4323,0.1106,98.6293,0.0062,0.7674,sad,0.081,0.0002,0.0258,0.1219,1.6258,0.0007,98.1446,neutral
surprise\surprise_0863.jpg,surprise,0.2277,0.0001,11.3303,0.2141,1.4815,0.0691,86.6772,neutral,4.4364,0.0,6.4946,0.0,1.0816,0.0004,87.9869,neutral
surprise\surprise_0875.jpg,surprise,0.0,0.0,0.9839,0.0073,0.0,99.0079,0.0009,surprise,0.0463,0.0,0.0351,99.9104,0.0061,0.0,0.0022,happy
surprise\surprise_0876.jpg,surprise,7.3447,0.0,5.2729,0.0001,86.6445,0.0112,0.7266,sad,0.837,0.0,0.1039,0.0,0.0004,99.0588,0.0,surprise
surprise\surprise_0887.jpg,surprise,0.0,0.0,0.0031,0.0079,0.0,0.1237,99.8653,neutral,0.0,0.0,0.7011,0.031,61.4698,0.0,37.798,sad
surprise\surprise_0892.jpg,surprise,0.0222,0.0003,48.2346,7.8034,0.0023,43.9365,0.0005,fear,0.001,0.0,90.07,0.0757,8.6101,0.0678,1.1754,fear
surprise\surprise_0952.jpg,surprise,0.0005,0.0,66.9997,0.2462,0.0777,32.6305,0.0455,fear,0.2396,0.0,19.1817,0.4864,1.1636,57.5463,21.3825,surprise
surprise\surprise_0954.jpg,surprise,0.0196,0.0,0.0766,0.0062,0.1181,0.0408,99.7387,neutral,0.354,0.0,1.3758,0.1993,2.9356,0.0546,95.0806,neutral
surprise\surprise_0991.jpg,surprise,6.3119,9.2473,56.7853,1.7133,15.8683,1.8383,8.2357,fear,0.99,0.0011,3.2191,1.1093,7.609,0.6491,86.4223,neutral
surprise\surprise_1016.jpg,surprise,0.0337,0.0,91.1478,0.0702,0.2266,8.4732,0.0486,fear,0.3093,0.0,0.015,0.0005,4.7751,0.0,94.9001,neutral
surprise\surprise_1029.jpg,surprise,0.0048,0.0001,5.9934,0.0006,0.0094,93.99,0.0016,surprise,0.0036,0.0,2.9754,0.0048,69.254,0.0002,27.762,sad
surprise\surprise_1034.jpg,surprise,0.0562,0.0,6.8586,0.3783,32.7159,0.0979,59.893,neutral,1.0219,0.0001,89.5593,0.6778,1.1729,0.7893,6.7787,fear
surprise\surprise_1050.jpg,surprise,0.0,0.0,0.3737,0.0355,0.0,99.5909,0.0,surprise,0.0326,0.0,0.0179,87.7397,0.5753,0.0,11.6345,happy
surprise\surprise_1083.jpg,surprise,0.0,0.0,0.0393,0.0035,0.1843,0.0,99.7729,neutral,0.0,0.0,0.0095,0.0,99.9904,0.0,0.0001,sad
surprise\surprise_1112.jpg,surprise,0.0009,0.0,0.0005,0.0029,0.6076,0.0,99.3881,neutral,29.556,0.099,8.4943,0.0066,44.4637,0.0228,17.3577,sad
surprise\surprise_1121.jpg,surprise,0.0245,0.0,40.3493,45.3654,0.0538,14.2037,0.0033,happy,0.0,0.0,90.4786,0.0,8.3862,0.0005,1.1347,fear
surprise\surprise_1122.jpg,surprise,0.2233,0.0037,7.3614,0.0831,86.6113,0.0009,5.7162,sad,7.911,0.0003,0.1493,0.4451,5.2483,0.0095,86.2364,neutral
surprise\surprise_1126.jpg,surprise,0.1489,0.0005,76.8438,5.4226,2.1828,14.9246,0.4768,fear,5.2124,0.0002,1.4731,0.0579,21.4079,0.0905,71.7579,neutral
surprise\surprise_1133.jpg,surprise,0.2771,0.0,33.3702,0.0,57.216,1.5673,7.5694,sad,0.0003,0.0,0.0036,0.0,0.0013,99.9948,0.0,surprise
surprise\surprise_1135.jpg,surprise,0.0676,0.0,41.0882,0.006,8.8143,50.0204,0.0036,surprise,0.4971,0.0004,12.9609,0.1397,0.0037,86.3981,0.0,surprise
surprise\surprise_1185.jpg,surprise,0.0001,0.0,11.2888,0.0251,0.0381,85.5977,3.0502,surprise,0.0,0.0,0.0,0.0,0.0,0.0,99.9999,neutral
surprise\surprise_1187.jpg,surprise,10.511,0.0005,1.8322,0.0709,78.0693,0.0002,9.5159,sad,81.9937,0.0,0.0161,0.0,3.5527,0.0,14.4375,angry
surprise\surprise_1191.jpg,surprise,0.0011,0.0,0.4064,0.0001,0.0431,99.5456,0.0037,surprise,43.9328,0.1628,14.3225,0.4594,20.7564,0.0448,20.3213,angry
surprise\surprise_1207.jpg,surprise,0.0031,0.0,86.5349,0.0,0.267,13.195,0.0,fear,0.0671,0.0,6.0972,0.0,65.9839,27.8089,0.0428,sad
surprise\surprise_1238.jpg,surprise,3.1681,0.0001,6.2155,0.0006,90.1667,0.3302,0.1188,sad,20.4564,0.0,2.4284,0.0007,57.7157,0.0349,19.3638,sad
surprise\surprise_1269.jpg,surprise,18.2861,0.0208,11.2152,0.0024,69.4428,0.015,1.0177,sad,90.605,0.0004,1.4421,0.0166,4.0031,1.2337,2.6991,angry
surprise\surprise_1274.jpg,surprise,6.5667,0.0722,15.1694,4.4901,5.711,1.409,66.5816,neutral,0.0948,0.0,16.9608,0.0901,14.93,0.011,67.9133,neutral
surprise\surprise_1292.jpg,surprise,0.0293,0.0,1.7756,36.4883,1.0554,0.0399,60.6116,neutral,0.0015,0.0,27.42,72.5753,0.0032,0.0,0.0,happy
surprise\surprise_1302.jpg,surprise,0.0943,0.0,7.6667,0.0899,9.7683,0.1742,82.2066,neutral,50.1503,0.9267,19.48,0.0645,14.9431,0.037,14.3985,angry
surprise\surprise_1312.jpg,surprise,0.2011,0.0064,96.2827,0.1386,2.1225,0.2795,0.9693,fear,16.6731,0.4214,69.4022,0.0835,1.2578,12.1102,0.0518,fear
surprise\surprise_1427.jpg,surprise,0.0008,0.0,0.1945,0.0,0.0,99.8047,0.0,surprise,0.0004,0.0,0.0344,0.0,99.9648,0.0,0.0003,sad
surprise\surprise_1434.jpg,surprise,9.1353,0.0,12.2998,0.0003,59.0658,11.9369,7.5618,sad,0.0039,0.0,1.086,0.0048,0.0005,98.9007,0.0041,surprise
surprise\surprise_1444.jpg,surprise,0.2233,0.0,0.3871,0.0001,1.3397,0.0003,98.0494,neutral,0.0091,0.0,0.1433,0.0822,82.8929,0.0,16.8725,sad
surprise\surprise_1479.jpg,surprise,0.0,0.0,0.2916,22.777,0.0,76.916,0.0154,surprise,0.0054,0.0,0.2178,85.3573,0.0166,14.2824,0.1205,happy
surprise\surprise_1514.jpg,surprise,0.7871,0.017,37.8886,0.2928,0.3294,60.5263,0.1588,surprise,37.0373,0.0,0.0873,0.0021,0.0113,0.6226,62.2393,neutral
surprise\surprise_1555.jpg,surprise,10.6901,0.0036,48.0749,0.0143,36.5016,0.7416,3.9739,fear,0.6303,0.0001,0.275,0.4724,0.7694,0.1701,97.6828,neutral
